,date,county,state,fips,cases,deaths
649,03-06-2020,King,Washington,53033,59,12
718,03-07-2020,Westchester,New York,36119,69,0
743,03-07-2020,King,Washington,53033,72,16
825,03-08-2020,Westchester,New York,36119,81,0
855,03-08-2020,King,Washington,53033,91,18
952,03-09-2020,Westchester,New York,36119,97,0
986,03-09-2020,King,Washington,53033,117,21
1103,03-10-2020,Westchester,New York,36119,107,0
1149,03-10-2020,King,Washington,53033,191,23
1154,03-10-2020,Snohomish,Washington,53061,61,0
1290,03-11-2020,Westchester,New York,36119,120,0
1349,03-11-2020,King,Washington,53033,235,27
1354,03-11-2020,Snohomish,Washington,53061,69,1
1386,03-12-2020,Santa Clara,California,06085,66,1
1521,03-12-2020,New York City,New York,36061,96,0
1527,03-12-2020,Westchester,New York,36119,147,0
1603,03-12-2020,King,Washington,53033,271,28
1608,03-12-2020,Snohomish,Washington,53061,107,3
1647,03-13-2020,Santa Clara,California,06085,79,2
1752,03-13-2020,Middlesex,Massachusetts,25017,60,0
1814,03-13-2020,New York City,New York,36061,155,0
1821,03-13-2020,Westchester,New York,36119,157,0
1914,03-13-2020,King,Washington,53033,329,33
1919,03-13-2020,Snohomish,Washington,53061,132,3
1951,03-14-2020,Los Angeles,California,06037,53,1
1965,03-14-2020,Santa Clara,California,06085,91,2
2077,03-14-2020,Orleans,Louisiana,22071,53,1
2095,03-14-2020,Middlesex,Massachusetts,25017,65,0
2162,03-14-2020,Nassau,New York,36059,79,0
2163,03-14-2020,New York City,New York,36061,269,1
2172,03-14-2020,Westchester,New York,36119,178,0
2287,03-14-2020,King,Washington,53033,389,36
2293,03-14-2020,Snohomish,Washington,53061,154,3
2330,03-15-2020,Los Angeles,California,06037,69,1
2346,03-15-2020,Santa Clara,California,06085,114,2
2430,03-15-2020,Cook,Illinois,17031,76,0
2474,03-15-2020,Orleans,Louisiana,22071,75,2
2497,03-15-2020,Middlesex,Massachusetts,25017,75,0
2573,03-15-2020,Nassau,New York,36059,98,0
2574,03-15-2020,New York City,New York,36061,330,5
2584,03-15-2020,Westchester,New York,36119,195,0
2714,03-15-2020,King,Washington,53033,421,38
2722,03-15-2020,Snohomish,Washington,53061,175,3
2764,03-16-2020,Los Angeles,California,06037,94,1
2775,03-16-2020,San Diego,California,06073,56,0
2781,03-16-2020,Santa Clara,California,06085,138,4
2871,03-16-2020,Cook,Illinois,17031,76,0
2920,03-16-2020,Orleans,Louisiana,22071,95,3
2946,03-16-2020,Middlesex,Massachusetts,25017,83,0
3003,03-16-2020,Bergen,New Jersey,34003,61,2
3032,03-16-2020,Nassau,New York,36059,109,0
3033,03-16-2020,New York City,New York,36061,464,7
3041,03-16-2020,Suffolk,New York,36103,63,2
3045,03-16-2020,Westchester,New York,36119,219,0
3188,03-16-2020,King,Washington,53033,489,44
3196,03-16-2020,Snohomish,Washington,53061,199,3
3245,03-17-2020,Los Angeles,California,06037,144,1
3257,03-17-2020,San Diego,California,06073,61,0
3261,03-17-2020,San Mateo,California,06081,64,1
3263,03-17-2020,Santa Clara,California,06085,155,5
3300,03-17-2020,Broward,Florida,12011,55,1
3360,03-17-2020,Cook,Illinois,17031,107,1
3417,03-17-2020,Orleans,Louisiana,22071,136,5
3447,03-17-2020,Middlesex,Massachusetts,25017,89,0
3515,03-17-2020,Bergen,New Jersey,34003,84,2
3548,03-17-2020,Nassau,New York,36059,131,2
3549,03-17-2020,New York City,New York,36061,645,10
3558,03-17-2020,Suffolk,New York,36103,84,3
3563,03-17-2020,Westchester,New York,36119,379,0
3729,03-17-2020,King,Washington,53033,518,47
3738,03-17-2020,Snohomish,Washington,53061,265,4
3793,03-18-2020,Alameda,California,06001,53,0
3798,03-18-2020,Los Angeles,California,06037,190,1
3811,03-18-2020,San Diego,California,06073,81,0
3815,03-18-2020,San Mateo,California,06081,80,1
3817,03-18-2020,Santa Clara,California,06085,175,6
3845,03-18-2020,Fairfield,Connecticut,09001,69,1
3857,03-18-2020,Broward,Florida,12011,80,1
3869,03-18-2020,Miami-Dade,Florida,12086,77,0
3923,03-18-2020,Cook,Illinois,17031,179,1
3997,03-18-2020,Orleans,Louisiana,22071,196,6
4030,03-18-2020,Middlesex,Massachusetts,25017,100,0
4102,03-18-2020,Clark,Nevada,32003,69,1
4111,03-18-2020,Bergen,New Jersey,34003,133,4
4149,03-18-2020,Nassau,New York,36059,183,2
4150,03-18-2020,New York City,New York,36061,1339,20
4159,03-18-2020,Suffolk,New York,36103,116,3
4166,03-18-2020,Westchester,New York,36119,537,0
4280,03-18-2020,Davidson,Tennessee,47037,58,0
4364,03-18-2020,King,Washington,53033,563,57
4371,03-18-2020,Pierce,Washington,53053,56,1
4373,03-18-2020,Snohomish,Washington,53061,309,5
4453,03-19-2020,Alameda,California,06001,57,0
4458,03-19-2020,Los Angeles,California,06037,231,2
4465,03-19-2020,Orange,California,06059,53,0
4471,03-19-2020,San Diego,California,06073,105,0
4472,03-19-2020,San Francisco,California,06075,73,0
4475,03-19-2020,San Mateo,California,06081,89,1
4477,03-19-2020,Santa Clara,California,06085,189,6
4491,03-19-2020,Denver,Colorado,08031,61,0
4508,03-19-2020,Fairfield,Connecticut,09001,102,4
4518,03-19-2020,District of Columbia,District of Columbia,11001,68,0
4522,03-19-2020,Broward,Florida,12011,96,1
4538,03-19-2020,Miami-Dade,Florida,12086,101,0
4570,03-19-2020,Fulton,Georgia,13121,68,2
4599,03-19-2020,Cook,Illinois,17031,279,2
4601,03-19-2020,DuPage,Illinois,17043,54,0
4690,03-19-2020,Jefferson,Louisiana,22051,69,1
4694,03-19-2020,Orleans,Louisiana,22071,252,8
4735,03-19-2020,Middlesex,Massachusetts,25017,119,0
4738,03-19-2020,Suffolk,Massachusetts,25025,72,0
4751,03-19-2020,Macomb,Michigan,26099,55,0
4755,03-19-2020,Oakland,Michigan,26125,105,0
4760,03-19-2020,Wayne,Michigan,26163,119,3
4826,03-19-2020,Clark,Nevada,32003,74,1
4837,03-19-2020,Bergen,New Jersey,34003,297,6
4841,03-19-2020,Essex,New Jersey,34013,63,2
4843,03-19-2020,Hudson,New Jersey,34017,55,0
4846,03-19-2020,Middlesex,New Jersey,34023,64,0
4878,03-19-2020,Nassau,New York,36059,382,3
4879,03-19-2020,New York City,New York,36061,2468,22
4885,03-19-2020,Rockland,New York,36087,53,2
4889,03-19-2020,Suffolk,New York,36103,178,3
4897,03-19-2020,Westchester,New York,36119,797,0
4930,03-19-2020,Cuyahoga,Ohio,39035,53,0
5026,03-19-2020,Davidson,Tennessee,47037,75,0
5050,03-19-2020,Dallas,Texas,48113,56,1
5121,03-19-2020,King,Washington,53033,693,61
5128,03-19-2020,Pierce,Washington,53053,75,1
5130,03-19-2020,Snohomish,Washington,53061,347,6
5149,03-19-2020,Milwaukee,Wisconsin,55079,62,0
5226,03-20-2020,Alameda,California,06001,67,0
5233,03-20-2020,Los Angeles,California,06037,292,2
5240,03-20-2020,Orange,California,06059,65,0
5246,03-20-2020,San Diego,California,06073,131,0
5247,03-20-2020,San Francisco,California,06075,79,0
5250,03-20-2020,San Mateo,California,06081,100,1
5252,03-20-2020,Santa Clara,California,06085,196,8
5267,03-20-2020,Denver,Colorado,08031,79,0
5269,03-20-2020,Eagle,Colorado,08037,61,0
5286,03-20-2020,Fairfield,Connecticut,09001,122,4
5297,03-20-2020,District of Columbia,District of Columbia,11001,77,1
5301,03-20-2020,Broward,Florida,12011,128,2
5317,03-20-2020,Miami-Dade,Florida,12086,124,0
5334,03-20-2020,Bartow,Georgia,13015,54,0
5354,03-20-2020,Fulton,Georgia,13121,95,2
5404,03-20-2020,Cook,Illinois,17031,412,3
5406,03-20-2020,DuPage,Illinois,17043,57,0
5506,03-20-2020,Jefferson,Louisiana,22051,104,1
5510,03-20-2020,Orleans,Louisiana,22071,329,8
5554,03-20-2020,Middlesex,Massachusetts,25017,144,0
5555,03-20-2020,Norfolk,Massachusetts,25021,64,0
5557,03-20-2020,Suffolk,Massachusetts,25025,87,1
5570,03-20-2020,Macomb,Michigan,26099,86,0
5574,03-20-2020,Oakland,Michigan,26125,184,1
5579,03-20-2020,Wayne,Michigan,26163,216,3
5667,03-20-2020,Clark,Nevada,32003,126,2
5680,03-20-2020,Bergen,New Jersey,34003,342,7
5685,03-20-2020,Essex,New Jersey,34013,73,3
5687,03-20-2020,Hudson,New Jersey,34017,66,0
5690,03-20-2020,Middlesex,New Jersey,34023,76,0
5691,03-20-2020,Monmouth,New Jersey,34025,53,1
5708,03-20-2020,Albany,New York,36001,61,0
5727,03-20-2020,Nassau,New York,36059,754,4
5728,03-20-2020,New York City,New York,36061,4408,43
5733,03-20-2020,Orange,New York,36071,84,0
5736,03-20-2020,Rockland,New York,36087,101,3
5740,03-20-2020,Suffolk,New York,36103,371,7
5748,03-20-2020,Westchester,New York,36119,1091,0
5793,03-20-2020,Cuyahoga,Ohio,39035,69,0
5862,03-20-2020,Montgomery,Pennsylvania,42091,59,0
5910,03-20-2020,Davidson,Tennessee,47037,110,0
5941,03-20-2020,Dallas,Texas,48113,74,1
5950,03-20-2020,Harris,Texas,48201,55,1
6023,03-20-2020,King,Washington,53033,794,68
6030,03-20-2020,Pierce,Washington,53053,83,1
6033,03-20-2020,Snohomish,Washington,53061,384,7
6061,03-20-2020,Milwaukee,Wisconsin,55079,95,1
6088,03-21-2020,Jefferson,Alabama,01073,61,0
6145,03-21-2020,Alameda,California,06001,87,0
6154,03-21-2020,Los Angeles,California,06037,351,4
6161,03-21-2020,Orange,California,06059,78,0
6167,03-21-2020,San Diego,California,06073,159,0
6168,03-21-2020,San Francisco,California,06075,84,0
6171,03-21-2020,San Mateo,California,06081,110,1
6173,03-21-2020,Santa Clara,California,06085,263,8
6191,03-21-2020,Denver,Colorado,08031,98,0
6193,03-21-2020,Eagle,Colorado,08037,74,1
6213,03-21-2020,Fairfield,Connecticut,09001,140,4
6224,03-21-2020,District of Columbia,District of Columbia,11001,98,1
6229,03-21-2020,Broward,Florida,12011,164,3
6247,03-21-2020,Miami-Dade,Florida,12086,170,0
6253,03-21-2020,Palm Beach,Florida,12099,56,0
6267,03-21-2020,Bartow,Georgia,13015,55,0
6275,03-21-2020,Cobb,Georgia,13067,56,5
6287,03-21-2020,Fulton,Georgia,13121,100,3
6338,03-21-2020,Cook,Illinois,17031,548,4
6341,03-21-2020,DuPage,Illinois,17043,68,0
6347,03-21-2020,Lake,Illinois,17097,63,0
6459,03-21-2020,Jefferson,Louisiana,22051,166,2
6463,03-21-2020,Orleans,Louisiana,22071,418,13
6499,03-21-2020,Montgomery,Maryland,24031,68,1
6513,03-21-2020,Middlesex,Massachusetts,25017,177,1
6515,03-21-2020,Norfolk,Massachusetts,25021,69,0
6517,03-21-2020,Suffolk,Massachusetts,25025,108,1
6535,03-21-2020,Macomb,Michigan,26099,101,0
6539,03-21-2020,Oakland,Michigan,26125,229,1
6546,03-21-2020,Wayne,Michigan,26163,349,4
6659,03-21-2020,Clark,Nevada,32003,126,2
6673,03-21-2020,Bergen,New Jersey,34003,362,9
6678,03-21-2020,Essex,New Jersey,34013,107,4
6680,03-21-2020,Hudson,New Jersey,34017,97,0
6683,03-21-2020,Middlesex,New Jersey,34023,116,0
6684,03-21-2020,Monmouth,New Jersey,34025,92,2
6685,03-21-2020,Morris,New Jersey,34027,64,1
6686,03-21-2020,Ocean,New Jersey,34029,62,0
6687,03-21-2020,Passaic,New Jersey,34031,67,0
6690,03-21-2020,Union,New Jersey,34039,81,0
6691,03-21-2020,Unknown,New Jersey,00000,151,0
6702,03-21-2020,Albany,New York,36001,88,0
6721,03-21-2020,Nassau,New York,36059,1234,7
6722,03-21-2020,New York City,New York,36061,6211,60
6727,03-21-2020,Orange,New York,36071,163,0
6730,03-21-2020,Rockland,New York,36087,262,3
6735,03-21-2020,Suffolk,New York,36103,662,9
6743,03-21-2020,Westchester,New York,36119,1387,0
6791,03-21-2020,Cuyahoga,Ohio,39035,92,1
6865,03-21-2020,Montgomery,Pennsylvania,42091,77,0
6868,03-21-2020,Philadelphia,Pennsylvania,42101,69,0
6876,03-21-2020,Unknown,Rhode Island,00000,66,0
6922,03-21-2020,Davidson,Tennessee,47037,140,2
6960,03-21-2020,Dallas,Texas,48113,95,1
6970,03-21-2020,Harris,Texas,48201,68,1
6986,03-21-2020,Travis,Texas,48453,62,0
6995,03-21-2020,Salt Lake,Utah,49035,60,0
7054,03-21-2020,King,Washington,53033,935,76
7061,03-21-2020,Pierce,Washington,53053,95,1
7064,03-21-2020,Snohomish,Washington,53061,446,9
7094,03-21-2020,Milwaukee,Wisconsin,55079,126,2
7122,03-22-2020,Jefferson,Alabama,01073,71,0
7145,03-22-2020,Maricopa,Arizona,04013,81,2
7179,03-22-2020,Alameda,California,06001,127,0
7182,03-22-2020,Contra Costa,California,06013,61,1
7188,03-22-2020,Los Angeles,California,06037,421,5
7195,03-22-2020,Orange,California,06059,95,0
7201,03-22-2020,San Diego,California,06073,205,0
7202,03-22-2020,San Francisco,California,06075,111,0
7205,03-22-2020,San Mateo,California,06081,117,1
7207,03-22-2020,Santa Clara,California,06085,303,11
7226,03-22-2020,Denver,Colorado,08031,125,0
7228,03-22-2020,Eagle,Colorado,08037,80,1
7249,03-22-2020,Fairfield,Connecticut,09001,208,5
7250,03-22-2020,Hartford,Connecticut,09003,54,1
7260,03-22-2020,District of Columbia,District of Columbia,11001,116,2
7266,03-22-2020,Broward,Florida,12011,217,3
7278,03-22-2020,Hillsborough,Florida,12057,58,0
7287,03-22-2020,Miami-Dade,Florida,12086,228,0
7293,03-22-2020,Palm Beach,Florida,12099,70,1
7309,03-22-2020,Bartow,Georgia,13015,56,1
7320,03-22-2020,Cobb,Georgia,13067,67,5
7325,03-22-2020,DeKalb,Georgia,13089,53,0
7333,03-22-2020,Fulton,Georgia,13121,111,3
7388,03-22-2020,Cook,Illinois,17031,805,6
7391,03-22-2020,DuPage,Illinois,17043,79,0
7398,03-22-2020,Lake,Illinois,17097,69,0
7435,03-22-2020,Marion,Indiana,18097,82,3
7534,03-22-2020,Jefferson,Louisiana,22051,184,3
7538,03-22-2020,Orleans,Louisiana,22071,451,15
7556,03-22-2020,Cumberland,Maine,23005,56,0
7575,03-22-2020,Montgomery,Maryland,24031,83,1
7586,03-22-2020,Essex,Massachusetts,25009,60,0
7590,03-22-2020,Middlesex,Massachusetts,25017,199,1
7592,03-22-2020,Norfolk,Massachusetts,25021,75,0
7594,03-22-2020,Suffolk,Massachusetts,25025,126,2
7615,03-22-2020,Macomb,Michigan,26099,140,1
7619,03-22-2020,Oakland,Michigan,26125,277,1
7627,03-22-2020,Wayne,Michigan,26163,477,5
7638,03-22-2020,Hennepin,Minnesota,27053,57,0
7724,03-22-2020,St. Louis,Missouri,29189,55,1
7749,03-22-2020,Clark,Nevada,32003,126,2
7764,03-22-2020,Bergen,New Jersey,34003,457,10
7769,03-22-2020,Essex,New Jersey,34013,172,4
7771,03-22-2020,Hudson,New Jersey,34017,126,0
7774,03-22-2020,Middlesex,New Jersey,34023,147,1
7775,03-22-2020,Monmouth,New Jersey,34025,158,2
7776,03-22-2020,Morris,New Jersey,34027,119,1
7777,03-22-2020,Ocean,New Jersey,34029,102,0
7778,03-22-2020,Passaic,New Jersey,34031,95,1
7782,03-22-2020,Union,New Jersey,34039,124,0
7783,03-22-2020,Unknown,New Jersey,00000,221,0
7795,03-22-2020,Albany,New York,36001,123,0
7803,03-22-2020,Dutchess,New York,36027,82,0
7804,03-22-2020,Erie,New York,36029,54,0
7814,03-22-2020,Monroe,New York,36055,57,0
7816,03-22-2020,Nassau,New York,36059,1900,7
7817,03-22-2020,New York City,New York,36061,9045,99
7822,03-22-2020,Orange,New York,36071,247,0
7825,03-22-2020,Rockland,New York,36087,455,3
7831,03-22-2020,Suffolk,New York,36103,1034,12
7839,03-22-2020,Westchester,New York,36119,1873,0
7865,03-22-2020,Mecklenburg,North Carolina,37119,66,0
7899,03-22-2020,Cuyahoga,Ohio,39035,125,1
7960,03-22-2020,Washington,Oregon,41067,55,1
7984,03-22-2020,Montgomery,Pennsylvania,42091,110,1
7987,03-22-2020,Philadelphia,Pennsylvania,42101,91,0
7996,03-22-2020,Unknown,Rhode Island,00000,83,0
8045,03-22-2020,Davidson,Tennessee,47037,167,2
8070,03-22-2020,Shelby,Tennessee,47157,66,0
8090,03-22-2020,Dallas,Texas,48113,132,2
8100,03-22-2020,Harris,Texas,48201,74,1
8116,03-22-2020,Travis,Texas,48453,79,0
8125,03-22-2020,Salt Lake,Utah,49035,84,0
8191,03-22-2020,King,Washington,53033,1036,77
8198,03-22-2020,Pierce,Washington,53053,107,1
8201,03-22-2020,Snohomish,Washington,53061,480,10
8222,03-22-2020,Dane,Wisconsin,55025,61,0
8232,03-22-2020,Milwaukee,Wisconsin,55079,183,2
8262,03-23-2020,Jefferson,Alabama,01073,86,0
8288,03-23-2020,Maricopa,Arizona,04013,139,2
8314,03-23-2020,Pulaski,Arkansas,05119,54,0
8319,03-23-2020,Unknown,Arkansas,00000,61,0
8322,03-23-2020,Alameda,California,06001,139,1
8325,03-23-2020,Contra Costa,California,06013,71,1
8331,03-23-2020,Los Angeles,California,06037,536,7
8338,03-23-2020,Orange,California,06059,125,0
8341,03-23-2020,Sacramento,California,06067,87,4
8344,03-23-2020,San Diego,California,06073,230,0
8345,03-23-2020,San Francisco,California,06075,134,0
8348,03-23-2020,San Mateo,California,06081,142,1
8350,03-23-2020,Santa Clara,California,06085,321,11
8363,03-23-2020,Arapahoe,Colorado,08005,58,0
8369,03-23-2020,Denver,Colorado,08031,148,0
8371,03-23-2020,Eagle,Colorado,08037,92,1
8372,03-23-2020,El Paso,Colorado,08041,69,4
8378,03-23-2020,Jefferson,Colorado,08059,55,0
8395,03-23-2020,Fairfield,Connecticut,09001,270,6
8396,03-23-2020,Hartford,Connecticut,09003,61,2
8404,03-23-2020,New Castle,Delaware,10003,58,0
8406,03-23-2020,District of Columbia,District of Columbia,11001,138,2
8412,03-23-2020,Broward,Florida,12011,262,3
8424,03-23-2020,Hillsborough,Florida,12057,75,0
8433,03-23-2020,Miami-Dade,Florida,12086,277,0
8439,03-23-2020,Palm Beach,Florida,12099,88,3
8455,03-23-2020,Bartow,Georgia,13015,61,1
8468,03-23-2020,Cobb,Georgia,13067,79,5
8473,03-23-2020,DeKalb,Georgia,13089,74,0
8474,03-23-2020,Dougherty,Georgia,13095,69,6
8481,03-23-2020,Fulton,Georgia,13121,152,3
8526,03-23-2020,Honolulu,Hawaii,15003,53,0
8543,03-23-2020,Cook,Illinois,17031,922,9
8546,03-23-2020,DuPage,Illinois,17043,95,0
8553,03-23-2020,Lake,Illinois,17097,96,0
8564,03-23-2020,Unknown,Illinois,00000,58,0
8593,03-23-2020,Marion,Indiana,18097,110,3
8699,03-23-2020,Jefferson,Louisiana,22051,252,5
8705,03-23-2020,Orleans,Louisiana,22071,567,20
8725,03-23-2020,Cumberland,Maine,23005,66,0
8746,03-23-2020,Montgomery,Maryland,24031,93,1
8758,03-23-2020,Essex,Massachusetts,25009,73,0
8762,03-23-2020,Middlesex,Massachusetts,25017,232,1
8764,03-23-2020,Norfolk,Massachusetts,25021,82,0
8766,03-23-2020,Suffolk,Massachusetts,25025,154,2
8767,03-23-2020,Unknown,Massachusetts,00000,57,0
8789,03-23-2020,Macomb,Michigan,26099,175,2
8795,03-23-2020,Oakland,Michigan,26125,329,4
8803,03-23-2020,Wayne,Michigan,26163,638,8
8816,03-23-2020,Hennepin,Minnesota,27053,89,0
8916,03-23-2020,St. Louis,Missouri,29189,68,1
8944,03-23-2020,Clark,Nevada,32003,151,4
8948,03-23-2020,Unknown,Nevada,00000,82,0
8960,03-23-2020,Bergen,New Jersey,34003,609,12
8965,03-23-2020,Essex,New Jersey,34013,273,5
8967,03-23-2020,Hudson,New Jersey,34017,190,0
8970,03-23-2020,Middlesex,New Jersey,34023,210,1
8971,03-23-2020,Monmouth,New Jersey,34025,238,2
8972,03-23-2020,Morris,New Jersey,34027,177,1
8973,03-23-2020,Ocean,New Jersey,34029,144,0
8974,03-23-2020,Passaic,New Jersey,34031,141,2
8976,03-23-2020,Somerset,New Jersey,34035,67,2
8978,03-23-2020,Union,New Jersey,34039,189,1
8979,03-23-2020,Unknown,New Jersey,00000,416,0
8992,03-23-2020,Albany,New York,36001,127,0
9001,03-23-2020,Dutchess,New York,36027,100,0
9002,03-23-2020,Erie,New York,36029,87,0
9012,03-23-2020,Monroe,New York,36055,76,0
9014,03-23-2020,Nassau,New York,36059,2442,9
9015,03-23-2020,New York City,New York,36061,12305,131
9020,03-23-2020,Orange,New York,36071,389,0
9025,03-23-2020,Rockland,New York,36087,592,5
9026,03-23-2020,Saratoga,New York,36091,53,0
9031,03-23-2020,Suffolk,New York,36103,1458,13
9039,03-23-2020,Westchester,New York,36119,2894,0
9066,03-23-2020,Mecklenburg,North Carolina,37119,80,0
9103,03-23-2020,Cuyahoga,Ohio,39035,149,1
9171,03-23-2020,Washington,Oregon,41067,69,1
9185,03-23-2020,Delaware,Pennsylvania,42045,54,0
9196,03-23-2020,Montgomery,Pennsylvania,42091,129,2
9199,03-23-2020,Philadelphia,Pennsylvania,42101,128,0
9208,03-23-2020,Unknown,Rhode Island,00000,106,0
9230,03-23-2020,Kershaw,South Carolina,45055,54,1
9264,03-23-2020,Davidson,Tennessee,47037,184,2
9289,03-23-2020,Shelby,Tennessee,47157,66,0
9293,03-23-2020,Unknown,Tennessee,00000,109,0
9309,03-23-2020,Dallas,Texas,48113,159,2
9319,03-23-2020,Harris,Texas,48201,78,1
9335,03-23-2020,Tarrant,Texas,48439,57,1
9336,03-23-2020,Travis,Texas,48453,79,0
9346,03-23-2020,Salt Lake,Utah,49035,112,0
9347,03-23-2020,Summit,Utah,49043,73,0
9417,03-23-2020,King,Washington,53033,1166,88
9424,03-23-2020,Pierce,Washington,53053,126,1
9427,03-23-2020,Snohomish,Washington,53061,518,10
9448,03-23-2020,Dane,Wisconsin,55025,61,0
9459,03-23-2020,Milwaukee,Wisconsin,55079,206,3
9490,03-24-2020,Jefferson,Alabama,01073,91,0
9517,03-24-2020,Maricopa,Arizona,04013,199,2
9551,03-24-2020,Pulaski,Arkansas,05119,64,1
9558,03-24-2020,Unknown,Arkansas,00000,61,0
9563,03-24-2020,Alameda,California,06001,151,2
9567,03-24-2020,Contra Costa,California,06013,86,1
9573,03-24-2020,Los Angeles,California,06037,662,11
9575,03-24-2020,Marin,California,06041,53,0
9582,03-24-2020,Orange,California,06059,152,0
9584,03-24-2020,Riverside,California,06065,59,6
9585,03-24-2020,Sacramento,California,06067,87,4
9588,03-24-2020,San Diego,California,06073,242,1
9589,03-24-2020,San Francisco,California,06075,152,0
9590,03-24-2020,San Joaquin,California,06077,60,2
9592,03-24-2020,San Mateo,California,06081,161,1
9594,03-24-2020,Santa Clara,California,06085,375,17
9607,03-24-2020,Arapahoe,Colorado,08005,69,0
9614,03-24-2020,Denver,Colorado,08031,176,0
9615,03-24-2020,Douglas,Colorado,08035,53,0
9616,03-24-2020,Eagle,Colorado,08037,96,1
9617,03-24-2020,El Paso,Colorado,08041,106,4
9625,03-24-2020,Jefferson,Colorado,08059,73,0
9640,03-24-2020,Weld,Colorado,08123,76,2
9642,03-24-2020,Fairfield,Connecticut,09001,384,7
9643,03-24-2020,Hartford,Connecticut,09003,88,2
9646,03-24-2020,New Haven,Connecticut,09009,89,0
9651,03-24-2020,New Castle,Delaware,10003,71,0
9653,03-24-2020,District of Columbia,District of Columbia,11001,183,2
9659,03-24-2020,Broward,Florida,12011,312,3
9671,03-24-2020,Hillsborough,Florida,12057,95,0
9680,03-24-2020,Miami-Dade,Florida,12086,365,0
9686,03-24-2020,Palm Beach,Florida,12099,102,3
9703,03-24-2020,Bartow,Georgia,13015,76,1
9719,03-24-2020,Cobb,Georgia,13067,90,5
9726,03-24-2020,DeKalb,Georgia,13089,107,0
9727,03-24-2020,Dougherty,Georgia,13095,101,6
9735,03-24-2020,Fulton,Georgia,13121,191,4
9784,03-24-2020,Unknown,Georgia,00000,79,6
9791,03-24-2020,Honolulu,Hawaii,15003,58,0
9810,03-24-2020,Cook,Illinois,17031,1194,12
9813,03-24-2020,DuPage,Illinois,17043,103,1
9821,03-24-2020,Lake,Illinois,17097,111,0
9832,03-24-2020,Unknown,Illinois,00000,58,0
9867,03-24-2020,Marion,Indiana,18097,161,6
9986,03-24-2020,East Baton Rouge,Louisiana,22033,58,2
9991,03-24-2020,Jefferson,Louisiana,22051,293,6
9997,03-24-2020,Orleans,Louisiana,22071,675,26
10018,03-24-2020,Cumberland,Maine,23005,74,0
10040,03-24-2020,Montgomery,Maryland,24031,107,1
10041,03-24-2020,Prince George's,Maryland,24033,63,2
10052,03-24-2020,Essex,Massachusetts,25009,118,0
10056,03-24-2020,Middlesex,Massachusetts,25017,304,2
10058,03-24-2020,Norfolk,Massachusetts,25021,129,0
10059,03-24-2020,Plymouth,Massachusetts,25023,64,0
10060,03-24-2020,Suffolk,Massachusetts,25025,234,2
10061,03-24-2020,Unknown,Massachusetts,00000,90,4
10062,03-24-2020,Worcester,Massachusetts,25027,73,0
10087,03-24-2020,Macomb,Michigan,26099,225,3
10094,03-24-2020,Oakland,Michigan,26125,428,4
10102,03-24-2020,Wayne,Michigan,26163,873,13
10115,03-24-2020,Hennepin,Minnesota,27053,103,0
10221,03-24-2020,St. Louis,Missouri,29189,68,1
10224,03-24-2020,Unknown,Missouri,00000,72,0
10251,03-24-2020,Clark,Nevada,32003,249,6
10255,03-24-2020,Unknown,Nevada,00000,82,0
10267,03-24-2020,Bergen,New Jersey,34003,701,14
10272,03-24-2020,Essex,New Jersey,34013,342,8
10274,03-24-2020,Hudson,New Jersey,34017,234,3
10276,03-24-2020,Mercer,New Jersey,34021,58,0
10277,03-24-2020,Middlesex,New Jersey,34023,277,1
10278,03-24-2020,Monmouth,New Jersey,34025,288,4
10279,03-24-2020,Morris,New Jersey,34027,204,4
10280,03-24-2020,Ocean,New Jersey,34029,180,1
10281,03-24-2020,Passaic,New Jersey,34031,216,3
10283,03-24-2020,Somerset,New Jersey,34035,102,2
10285,03-24-2020,Union,New Jersey,34039,246,2
10286,03-24-2020,Unknown,New Jersey,00000,645,7
10301,03-24-2020,Albany,New York,36001,146,0
10311,03-24-2020,Dutchess,New York,36027,124,0
10312,03-24-2020,Erie,New York,36029,107,0
10322,03-24-2020,Monroe,New York,36055,96,0
10324,03-24-2020,Nassau,New York,36059,2869,9
10325,03-24-2020,New York City,New York,36061,14905,192
10328,03-24-2020,Onondaga,New York,36067,60,0
10330,03-24-2020,Orange,New York,36071,498,0
10334,03-24-2020,Putnam,New York,36079,67,0
10336,03-24-2020,Rockland,New York,36087,671,5
10337,03-24-2020,Saratoga,New York,36091,60,0
10342,03-24-2020,Suffolk,New York,36103,1880,13
10350,03-24-2020,Westchester,New York,36119,3891,6
10364,03-24-2020,Durham,North Carolina,37063,63,0
10378,03-24-2020,Mecklenburg,North Carolina,37119,104,0
10397,03-24-2020,Wake,North Carolina,37183,54,0
10421,03-24-2020,Cuyahoga,Ohio,39035,167,2
10427,03-24-2020,Franklin,Ohio,39049,75,2
10494,03-24-2020,Washington,Oregon,41067,76,2
10497,03-24-2020,Allegheny,Pennsylvania,42003,58,2
10502,03-24-2020,Bucks,Pennsylvania,42017,65,0
10512,03-24-2020,Delaware,Pennsylvania,42045,84,0
10524,03-24-2020,Montgomery,Pennsylvania,42091,144,2
10527,03-24-2020,Philadelphia,Pennsylvania,42101,177,0
10537,03-24-2020,Unknown,Rhode Island,00000,124,0
10560,03-24-2020,Kershaw,South Carolina,45055,58,1
10596,03-24-2020,Davidson,Tennessee,47037,253,2
10627,03-24-2020,Shelby,Tennessee,47157,135,0
10631,03-24-2020,Unknown,Tennessee,00000,109,0
10634,03-24-2020,Williamson,Tennessee,47187,64,0
10638,03-24-2020,Bexar,Texas,48029,68,1
10647,03-24-2020,Collin,Texas,48085,53,1
10650,03-24-2020,Dallas,Texas,48113,169,5
10662,03-24-2020,Harris,Texas,48201,134,1
10682,03-24-2020,Tarrant,Texas,48439,57,1
10683,03-24-2020,Travis,Texas,48453,79,0
10694,03-24-2020,Salt Lake,Utah,49035,127,0
10695,03-24-2020,Summit,Utah,49043,90,0
10769,03-24-2020,King,Washington,53033,1278,95
10776,03-24-2020,Pierce,Washington,53053,138,1
10779,03-24-2020,Snohomish,Washington,53061,613,15
10784,03-24-2020,Whatcom,Washington,53073,64,2
10804,03-24-2020,Dane,Wisconsin,55025,72,0
10815,03-24-2020,Milwaukee,Wisconsin,55079,243,3
10856,03-25-2020,Jefferson,Alabama,01073,129,0
10889,03-25-2020,Maricopa,Arizona,04013,251,2
10924,03-25-2020,Pulaski,Arkansas,05119,79,1
10931,03-25-2020,Unknown,Arkansas,00000,61,0
10936,03-25-2020,Alameda,California,06001,156,2
10940,03-25-2020,Contra Costa,California,06013,108,1
10947,03-25-2020,Los Angeles,California,06037,799,13
10949,03-25-2020,Marin,California,06041,53,0
10956,03-25-2020,Orange,California,06059,187,1
10958,03-25-2020,Riverside,California,06065,107,8
10959,03-25-2020,Sacramento,California,06067,112,5
10961,03-25-2020,San Bernardino,California,06071,54,2
10962,03-25-2020,San Diego,California,06073,297,2
10963,03-25-2020,San Francisco,California,06075,181,1
10964,03-25-2020,San Joaquin,California,06077,71,3
10966,03-25-2020,San Mateo,California,06081,165,5
10968,03-25-2020,Santa Clara,California,06085,459,18
10982,03-25-2020,Arapahoe,Colorado,08005,88,0
10989,03-25-2020,Denver,Colorado,08031,214,3
10990,03-25-2020,Douglas,Colorado,08035,58,0
10991,03-25-2020,Eagle,Colorado,08037,120,1
10992,03-25-2020,El Paso,Colorado,08041,122,5
11000,03-25-2020,Jefferson,Colorado,08059,93,2
11016,03-25-2020,Weld,Colorado,08123,87,4
11018,03-25-2020,Fairfield,Connecticut,09001,546,12
11019,03-25-2020,Hartford,Connecticut,09003,116,2
11022,03-25-2020,New Haven,Connecticut,09009,127,2
11027,03-25-2020,New Castle,Delaware,10003,79,0
11029,03-25-2020,District of Columbia,District of Columbia,11001,231,3
11035,03-25-2020,Broward,Florida,12011,412,3
11039,03-25-2020,Collier,Florida,12021,57,0
11042,03-25-2020,Duval,Florida,12031,60,3
11048,03-25-2020,Hillsborough,Florida,12057,123,0
11057,03-25-2020,Miami-Dade,Florida,12086,489,0
11061,03-25-2020,Orange,Florida,12095,87,2
11063,03-25-2020,Palm Beach,Florida,12099,139,3
11065,03-25-2020,Pinellas,Florida,12103,54,1
11080,03-25-2020,Bartow,Georgia,13015,82,1
11096,03-25-2020,Cobb,Georgia,13067,109,5
11103,03-25-2020,DeKalb,Georgia,13089,125,0
11106,03-25-2020,Dougherty,Georgia,13095,123,6
11114,03-25-2020,Fulton,Georgia,13121,204,4
11118,03-25-2020,Gwinnett,Georgia,13135,69,1
11168,03-25-2020,Unknown,Georgia,00000,160,14
11178,03-25-2020,Honolulu,Hawaii,15003,68,0
11202,03-25-2020,Cook,Illinois,17031,1418,13
11206,03-25-2020,DuPage,Illinois,17043,131,1
11214,03-25-2020,Lake,Illinois,17097,139,0
11228,03-25-2020,Unknown,Illinois,00000,58,0
11265,03-25-2020,Marion,Indiana,18097,226,6
11382,03-25-2020,Ascension,Louisiana,22005,65,1
11388,03-25-2020,Caddo,Louisiana,22017,93,0
11393,03-25-2020,East Baton Rouge,Louisiana,22033,75,3
11399,03-25-2020,Jefferson,Louisiana,22051,359,7
11407,03-25-2020,Orleans,Louisiana,22071,827,37
11419,03-25-2020,St. Tammany,Louisiana,22103,67,1
11430,03-25-2020,Cumberland,Maine,23005,87,0
11442,03-25-2020,Baltimore city,Maryland,24510,53,0
11453,03-25-2020,Montgomery,Maryland,24031,127,1
11454,03-25-2020,Prince George's,Maryland,24033,76,2
11463,03-25-2020,Berkshire,Massachusetts,25003,71,2
11464,03-25-2020,Bristol,Massachusetts,25005,67,0
11466,03-25-2020,Essex,Massachusetts,25009,177,0
11470,03-25-2020,Middlesex,Massachusetts,25017,446,2
11472,03-25-2020,Norfolk,Massachusetts,25021,222,1
11473,03-25-2020,Plymouth,Massachusetts,25023,101,0
11474,03-25-2020,Suffolk,Massachusetts,25025,342,2
11475,03-25-2020,Unknown,Massachusetts,00000,159,4
11476,03-25-2020,Worcester,Massachusetts,25027,129,2
11504,03-25-2020,Macomb,Michigan,26099,281,7
11512,03-25-2020,Oakland,Michigan,26125,543,10
11521,03-25-2020,Washtenaw,Michigan,26161,72,3
11522,03-25-2020,Wayne,Michigan,26163,1122,21
11536,03-25-2020,Hennepin,Minnesota,27053,111,0
11655,03-25-2020,St. Louis,Missouri,29189,129,1
11656,03-25-2020,St. Louis city,Missouri,29510,53,1
11677,03-25-2020,Douglas,Nebraska,31055,54,0
11687,03-25-2020,Clark,Nevada,32003,249,6
11692,03-25-2020,Unknown,Nevada,00000,90,4
11693,03-25-2020,Washoe,Nevada,32031,57,0
11700,03-25-2020,Rockingham,New Hampshire,33015,56,0
11704,03-25-2020,Bergen,New Jersey,34003,819,15
11706,03-25-2020,Camden,New Jersey,34007,61,1
11709,03-25-2020,Essex,New Jersey,34013,381,11
11711,03-25-2020,Hudson,New Jersey,34017,260,4
11713,03-25-2020,Mercer,New Jersey,34021,82,0
11714,03-25-2020,Middlesex,New Jersey,34023,316,2
11715,03-25-2020,Monmouth,New Jersey,34025,313,6
11716,03-25-2020,Morris,New Jersey,34027,223,5
11717,03-25-2020,Ocean,New Jersey,34029,222,5
11718,03-25-2020,Passaic,New Jersey,34031,255,4
11720,03-25-2020,Somerset,New Jersey,34035,117,3
11722,03-25-2020,Union,New Jersey,34039,262,3
11723,03-25-2020,Unknown,New Jersey,00000,933,7
11740,03-25-2020,Albany,New York,36001,152,0
11751,03-25-2020,Dutchess,New York,36027,153,0
11752,03-25-2020,Erie,New York,36029,122,0
11763,03-25-2020,Monroe,New York,36055,118,0
11765,03-25-2020,Nassau,New York,36059,3285,17
11766,03-25-2020,New York City,New York,36061,20011,280
11769,03-25-2020,Onondaga,New York,36067,65,0
11771,03-25-2020,Orange,New York,36071,638,0
11775,03-25-2020,Putnam,New York,36079,84,0
11777,03-25-2020,Rockland,New York,36087,1069,7
11778,03-25-2020,Saratoga,New York,36091,64,0
11779,03-25-2020,Schenectady,New York,36093,55,0
11783,03-25-2020,Suffolk,New York,36103,2260,20
11787,03-25-2020,Ulster,New York,36111,65,0
11791,03-25-2020,Westchester,New York,36119,4691,6
11810,03-25-2020,Durham,North Carolina,37063,74,0
11827,03-25-2020,Mecklenburg,North Carolina,37119,170,0
11847,03-25-2020,Wake,North Carolina,37183,73,0
11873,03-25-2020,Cuyahoga,Ohio,39035,206,2
11880,03-25-2020,Franklin,Ohio,39049,88,2
11933,03-25-2020,Oklahoma,Oklahoma,40109,55,2
11961,03-25-2020,Washington,Oregon,41067,96,2
11964,03-25-2020,Allegheny,Pennsylvania,42003,88,2
11969,03-25-2020,Bucks,Pennsylvania,42017,110,0
11974,03-25-2020,Chester,Pennsylvania,42029,54,0
11979,03-25-2020,Delaware,Pennsylvania,42045,101,0
11994,03-25-2020,Montgomery,Pennsylvania,42091,172,2
11997,03-25-2020,Philadelphia,Pennsylvania,42101,257,1
12012,03-25-2020,Unknown,Rhode Island,00000,106,0
12036,03-25-2020,Kershaw,South Carolina,45055,63,1
12046,03-25-2020,Richland,South Carolina,45079,59,0
12078,03-25-2020,Davidson,Tennessee,47037,257,2
12111,03-25-2020,Shelby,Tennessee,47157,170,0
12115,03-25-2020,Unknown,Tennessee,00000,109,1
12118,03-25-2020,Williamson,Tennessee,47187,66,0
12124,03-25-2020,Bexar,Texas,48029,69,1
12135,03-25-2020,Collin,Texas,48085,53,1
12139,03-25-2020,Dallas,Texas,48113,169,6
12142,03-25-2020,Denton,Texas,48121,70,0
12150,03-25-2020,Fort Bend,Texas,48157,54,0
12159,03-25-2020,Harris,Texas,48201,185,1
12192,03-25-2020,Tarrant,Texas,48439,71,1
12195,03-25-2020,Travis,Texas,48453,119,0
12209,03-25-2020,Salt Lake,Utah,49035,151,0
12210,03-25-2020,Summit,Utah,49043,90,0
12219,03-25-2020,Chittenden,Vermont,50007,55,6
12243,03-25-2020,Fairfax,Virginia,51059,76,1
12297,03-25-2020,King,Washington,53033,1360,101
12305,03-25-2020,Pierce,Washington,53053,155,2
12307,03-25-2020,Skagit,Washington,53057,63,1
12308,03-25-2020,Snohomish,Washington,53061,633,15
12309,03-25-2020,Spokane,Washington,53063,55,0
12313,03-25-2020,Whatcom,Washington,53073,66,2
12337,03-25-2020,Dane,Wisconsin,55025,88,1
12351,03-25-2020,Milwaukee,Wisconsin,55079,325,4
12399,03-26-2020,Jefferson,Alabama,01073,173,0
12416,03-26-2020,Shelby,Alabama,01117,53,0
12435,03-26-2020,Maricopa,Arizona,04013,299,4
12438,03-26-2020,Pima,Arizona,04019,75,0
12474,03-26-2020,Pulaski,Arkansas,05119,83,1
12482,03-26-2020,Unknown,Arkansas,00000,61,1
12487,03-26-2020,Alameda,California,06001,199,4
12491,03-26-2020,Contra Costa,California,06013,131,1
12498,03-26-2020,Los Angeles,California,06037,1216,21
12500,03-26-2020,Marin,California,06041,65,0
12507,03-26-2020,Orange,California,06059,256,1
12509,03-26-2020,Riverside,California,06065,107,8
12510,03-26-2020,Sacramento,California,06067,112,5
12512,03-26-2020,San Bernardino,California,06071,55,3
12513,03-26-2020,San Diego,California,06073,341,3
12514,03-26-2020,San Francisco,California,06075,226,2
12515,03-26-2020,San Joaquin,California,06077,83,3
12516,03-26-2020,San Luis Obispo,California,06079,54,0
12517,03-26-2020,San Mateo,California,06081,195,5
12519,03-26-2020,Santa Clara,California,06085,542,20
12529,03-26-2020,Ventura,California,06111,61,1
12533,03-26-2020,Arapahoe,Colorado,08005,119,1
12534,03-26-2020,Boulder,Colorado,08013,66,0
12540,03-26-2020,Denver,Colorado,08031,262,3
12541,03-26-2020,Douglas,Colorado,08035,67,0
12542,03-26-2020,Eagle,Colorado,08037,147,1
12543,03-26-2020,El Paso,Colorado,08041,137,7
12548,03-26-2020,Gunnison,Colorado,08051,57,1
12551,03-26-2020,Jefferson,Colorado,08059,131,3
12554,03-26-2020,Larimer,Colorado,08069,61,1
12568,03-26-2020,Unknown,Colorado,00000,102,0
12570,03-26-2020,Weld,Colorado,08123,107,4
12572,03-26-2020,Fairfield,Connecticut,09001,607,13
12573,03-26-2020,Hartford,Connecticut,09003,138,2
12576,03-26-2020,New Haven,Connecticut,09009,156,2
12581,03-26-2020,New Castle,Delaware,10003,91,0
12583,03-26-2020,District of Columbia,District of Columbia,11001,267,3
12584,03-26-2020,Alachua,Florida,12001,53,0
12589,03-26-2020,Broward,Florida,12011,505,3
12593,03-26-2020,Collier,Florida,12021,67,0
12596,03-26-2020,Duval,Florida,12031,82,3
12602,03-26-2020,Hillsborough,Florida,12057,151,1
12606,03-26-2020,Lee,Florida,12071,66,3
12611,03-26-2020,Miami-Dade,Florida,12086,653,0
12615,03-26-2020,Orange,Florida,12095,118,3
12617,03-26-2020,Palm Beach,Florida,12099,172,3
12619,03-26-2020,Pinellas,Florida,12103,65,1
12635,03-26-2020,Bartow,Georgia,13015,93,1
12652,03-26-2020,Cobb,Georgia,13067,119,5
12659,03-26-2020,DeKalb,Georgia,13089,137,0
12662,03-26-2020,Dougherty,Georgia,13095,164,6
12671,03-26-2020,Fulton,Georgia,13121,231,4
12675,03-26-2020,Gwinnett,Georgia,13135,79,1
12728,03-26-2020,Unknown,Georgia,00000,178,23
12738,03-26-2020,Honolulu,Hawaii,15003,77,0
12742,03-26-2020,Ada,Idaho,16001,54,0
12745,03-26-2020,Blaine,Idaho,16013,82,2
12764,03-26-2020,Cook,Illinois,17031,1904,18
12768,03-26-2020,DuPage,Illinois,17043,182,1
12773,03-26-2020,Kane,Illinois,17089,57,1
12777,03-26-2020,Lake,Illinois,17097,185,0
12791,03-26-2020,Unknown,Illinois,00000,58,0
12794,03-26-2020,Will,Illinois,17197,67,3
12829,03-26-2020,Marion,Indiana,18097,293,6
12905,03-26-2020,Johnson,Kansas,20091,59,1
12936,03-26-2020,Jefferson,Kentucky,21111,57,3
12964,03-26-2020,Ascension,Louisiana,22005,91,1
12970,03-26-2020,Caddo,Louisiana,22017,115,1
12975,03-26-2020,East Baton Rouge,Louisiana,22033,105,4
12982,03-26-2020,Jefferson,Louisiana,22051,458,12
12992,03-26-2020,Orleans,Louisiana,22071,997,46
13005,03-26-2020,St. Tammany,Louisiana,22103,89,1
13017,03-26-2020,Cumberland,Maine,23005,90,0
13029,03-26-2020,Baltimore,Maryland,24005,81,1
13030,03-26-2020,Baltimore city,Maryland,24510,72,0
13041,03-26-2020,Montgomery,Maryland,24031,164,1
13042,03-26-2020,Prince George's,Maryland,24033,101,2
13050,03-26-2020,Barnstable,Massachusetts,25001,67,1
13051,03-26-2020,Berkshire,Massachusetts,25003,73,2
13052,03-26-2020,Bristol,Massachusetts,25005,90,0
13054,03-26-2020,Essex,Massachusetts,25009,247,2
13056,03-26-2020,Hampden,Massachusetts,25013,55,2
13058,03-26-2020,Middlesex,Massachusetts,25017,538,5
13060,03-26-2020,Norfolk,Massachusetts,25021,292,2
13061,03-26-2020,Plymouth,Massachusetts,25023,138,0
13062,03-26-2020,Suffolk,Massachusetts,25025,448,3
13063,03-26-2020,Unknown,Massachusetts,00000,267,4
13064,03-26-2020,Worcester,Massachusetts,25027,166,3
13076,03-26-2020,Genesee,Michigan,26049,63,1
13094,03-26-2020,Macomb,Michigan,26099,347,11
13104,03-26-2020,Oakland,Michigan,26125,695,17
13117,03-26-2020,Washtenaw,Michigan,26161,92,3
13118,03-26-2020,Wayne,Michigan,26163,1389,26
13132,03-26-2020,Hennepin,Minnesota,27053,128,0
13245,03-26-2020,Kansas City,Missouri,00000,64,0
13261,03-26-2020,St. Louis,Missouri,29189,173,1
13262,03-26-2020,St. Louis city,Missouri,29510,69,1
13287,03-26-2020,Douglas,Nebraska,31055,58,0
13300,03-26-2020,Clark,Nevada,32003,350,10
13305,03-26-2020,Unknown,Nevada,00000,107,0
13306,03-26-2020,Washoe,Nevada,32031,67,0
13313,03-26-2020,Rockingham,New Hampshire,33015,67,0
13317,03-26-2020,Bergen,New Jersey,34003,1206,21
13318,03-26-2020,Burlington,New Jersey,34005,64,3
13319,03-26-2020,Camden,New Jersey,34007,73,1
13322,03-26-2020,Essex,New Jersey,34013,609,15
13324,03-26-2020,Hudson,New Jersey,34017,441,4
13326,03-26-2020,Mercer,New Jersey,34021,111,0
13327,03-26-2020,Middlesex,New Jersey,34023,505,5
13328,03-26-2020,Monmouth,New Jersey,34025,501,7
13329,03-26-2020,Morris,New Jersey,34027,315,7
13330,03-26-2020,Ocean,New Jersey,34029,389,5
13331,03-26-2020,Passaic,New Jersey,34031,399,5
13333,03-26-2020,Somerset,New Jersey,34035,179,4
13335,03-26-2020,Union,New Jersey,34039,432,3
13336,03-26-2020,Unknown,New Jersey,00000,1478,7
13338,03-26-2020,Bernalillo,New Mexico,35001,55,0
13353,03-26-2020,Albany,New York,36001,171,0
13364,03-26-2020,Dutchess,New York,36027,190,2
13365,03-26-2020,Erie,New York,36029,134,2
13376,03-26-2020,Monroe,New York,36055,139,3
13378,03-26-2020,Nassau,New York,36059,3914,19
13379,03-26-2020,New York City,New York,36061,23112,365
13382,03-26-2020,Onondaga,New York,36067,83,0
13384,03-26-2020,Orange,New York,36071,751,2
13388,03-26-2020,Putnam,New York,36079,94,0
13390,03-26-2020,Rockland,New York,36087,1197,7
13391,03-26-2020,Saratoga,New York,36091,73,0
13392,03-26-2020,Schenectady,New York,36093,62,0
13396,03-26-2020,Suffolk,New York,36103,2735,22
13397,03-26-2020,Sullivan,New York,36105,53,0
13400,03-26-2020,Ulster,New York,36111,89,0
13404,03-26-2020,Westchester,New York,36119,5944,8
13424,03-26-2020,Durham,North Carolina,37063,75,0
13440,03-26-2020,Mecklenburg,North Carolina,37119,181,0
13460,03-26-2020,Wake,North Carolina,37183,83,0
13489,03-26-2020,Cuyahoga,Ohio,39035,259,2
13496,03-26-2020,Franklin,Ohio,39049,109,2
13500,03-26-2020,Hamilton,Ohio,39061,53,0
13556,03-26-2020,Oklahoma,Oklahoma,40109,73,2
13582,03-26-2020,Marion,Oregon,41047,57,2
13589,03-26-2020,Washington,Oregon,41067,104,3
13592,03-26-2020,Allegheny,Pennsylvania,42003,133,2
13598,03-26-2020,Bucks,Pennsylvania,42017,110,0
13603,03-26-2020,Chester,Pennsylvania,42029,84,0
13609,03-26-2020,Delaware,Pennsylvania,42045,156,1
13620,03-26-2020,Lehigh,Pennsylvania,42077,63,1
13624,03-26-2020,Monroe,Pennsylvania,42089,67,2
13625,03-26-2020,Montgomery,Pennsylvania,42091,282,2
13627,03-26-2020,Northampton,Pennsylvania,42095,56,3
13628,03-26-2020,Philadelphia,Pennsylvania,42101,402,1
13639,03-26-2020,Unknown,Puerto Rico,00000,64,2
13644,03-26-2020,Unknown,Rhode Island,00000,106,0
13652,03-26-2020,Charleston,South Carolina,45019,60,1
13668,03-26-2020,Kershaw,South Carolina,45055,64,1
13678,03-26-2020,Richland,South Carolina,45079,60,0
13712,03-26-2020,Davidson,Tennessee,47037,293,2
13747,03-26-2020,Shelby,Tennessee,47157,198,0
13752,03-26-2020,Unknown,Tennessee,00000,112,1
13755,03-26-2020,Williamson,Tennessee,47187,70,0
13762,03-26-2020,Bexar,Texas,48029,84,3
13774,03-26-2020,Collin,Texas,48085,88,1
13779,03-26-2020,Dallas,Texas,48113,303,7
13782,03-26-2020,Denton,Texas,48121,83,1
13790,03-26-2020,Fort Bend,Texas,48157,86,0
13799,03-26-2020,Harris,Texas,48201,203,2
13837,03-26-2020,Tarrant,Texas,48439,90,1
13840,03-26-2020,Travis,Texas,48453,137,0
13856,03-26-2020,Salt Lake,Utah,49035,181,0
13857,03-26-2020,Summit,Utah,49043,103,0
13867,03-26-2020,Chittenden,Vermont,50007,75,6
13883,03-26-2020,Arlington,Virginia,51013,63,0
13892,03-26-2020,Fairfax,Virginia,51059,124,1
13957,03-26-2020,Island,Washington,53029,64,1
13959,03-26-2020,King,Washington,53033,1579,111
13967,03-26-2020,Pierce,Washington,53053,186,4
13969,03-26-2020,Skagit,Washington,53057,78,1
13970,03-26-2020,Snohomish,Washington,53061,778,18
13971,03-26-2020,Spokane,Washington,53063,67,0
13975,03-26-2020,Whatcom,Washington,53073,86,4
13977,03-26-2020,Yakima,Washington,53077,61,2
14002,03-26-2020,Dane,Wisconsin,55025,114,1
14016,03-26-2020,Milwaukee,Wisconsin,55079,393,7
14030,03-26-2020,Waukesha,Wisconsin,55133,56,0
14071,03-27-2020,Jefferson,Alabama,01073,179,0
14075,03-27-2020,Lee,Alabama,01081,53,0
14078,03-27-2020,Madison,Alabama,01089,61,1
14089,03-27-2020,Shelby,Alabama,01117,70,0
14109,03-27-2020,Maricopa,Arizona,04013,399,5
14112,03-27-2020,Pima,Arizona,04019,102,4
14149,03-27-2020,Pulaski,Arkansas,05119,89,1
14157,03-27-2020,Unknown,Arkansas,00000,61,1
14162,03-27-2020,Alameda,California,06001,241,4
14167,03-27-2020,Contra Costa,California,06013,151,2
14175,03-27-2020,Los Angeles,California,06037,1465,27
14177,03-27-2020,Marin,California,06041,69,1
14184,03-27-2020,Orange,California,06059,321,3
14186,03-27-2020,Riverside,California,06065,185,8
14187,03-27-2020,Sacramento,California,06067,164,6
14189,03-27-2020,San Bernardino,California,06071,64,3
14190,03-27-2020,San Diego,California,06073,417,5
14191,03-27-2020,San Francisco,California,06075,282,3
14192,03-27-2020,San Joaquin,California,06077,93,4
14193,03-27-2020,San Luis Obispo,California,06079,59,0
14194,03-27-2020,San Mateo,California,06081,239,6
14196,03-27-2020,Santa Clara,California,06085,574,21
14206,03-27-2020,Ventura,California,06111,83,3
14209,03-27-2020,Adams,Colorado,08001,71,0
14211,03-27-2020,Arapahoe,Colorado,08005,155,1
14212,03-27-2020,Boulder,Colorado,08013,76,1
14219,03-27-2020,Denver,Colorado,08031,312,3
14220,03-27-2020,Douglas,Colorado,08035,79,0
14221,03-27-2020,Eagle,Colorado,08037,170,1
14222,03-27-2020,El Paso,Colorado,08041,160,7
14227,03-27-2020,Gunnison,Colorado,08051,66,1
14230,03-27-2020,Jefferson,Colorado,08059,158,5
14233,03-27-2020,Larimer,Colorado,08069,67,1
14248,03-27-2020,Unknown,Colorado,00000,136,0
14250,03-27-2020,Weld,Colorado,08123,129,6
14252,03-27-2020,Fairfield,Connecticut,09001,752,15
14253,03-27-2020,Hartford,Connecticut,09003,189,2
14256,03-27-2020,New Haven,Connecticut,09009,222,6
14261,03-27-2020,New Castle,Delaware,10003,106,1
14263,03-27-2020,District of Columbia,District of Columbia,11001,304,4
14264,03-27-2020,Alachua,Florida,12001,60,0
14269,03-27-2020,Broward,Florida,12011,631,10
14273,03-27-2020,Collier,Florida,12021,85,0
14276,03-27-2020,Duval,Florida,12031,99,3
14282,03-27-2020,Hillsborough,Florida,12057,174,2
14286,03-27-2020,Lee,Florida,12071,95,5
14292,03-27-2020,Miami-Dade,Florida,12086,869,2
14296,03-27-2020,Orange,Florida,12095,174,4
14297,03-27-2020,Osceola,Florida,12097,56,0
14298,03-27-2020,Palm Beach,Florida,12099,241,5
14300,03-27-2020,Pinellas,Florida,12103,82,1
14305,03-27-2020,Seminole,Florida,12117,54,0
14317,03-27-2020,Bartow,Georgia,13015,107,1
14325,03-27-2020,Carroll,Georgia,13045,61,0
14333,03-27-2020,Clayton,Georgia,13063,53,1
14335,03-27-2020,Cobb,Georgia,13067,163,5
14342,03-27-2020,DeKalb,Georgia,13089,219,2
14345,03-27-2020,Dougherty,Georgia,13095,203,12
14354,03-27-2020,Fulton,Georgia,13121,347,12
14358,03-27-2020,Gwinnett,Georgia,13135,121,1
14412,03-27-2020,Unknown,Georgia,00000,217,5
14420,03-27-2020,Unknown,Guam,00000,53,1
14422,03-27-2020,Honolulu,Hawaii,15003,87,0
14426,03-27-2020,Ada,Idaho,16001,76,0
14429,03-27-2020,Blaine,Idaho,16013,99,2
14450,03-27-2020,Cook,Illinois,17031,2239,20
14454,03-27-2020,DuPage,Illinois,17043,199,6
14461,03-27-2020,Kane,Illinois,17089,77,2
14465,03-27-2020,Lake,Illinois,17097,230,2
14479,03-27-2020,Unknown,Illinois,00000,58,0
14482,03-27-2020,Will,Illinois,17197,104,3
14507,03-27-2020,Hamilton,Indiana,18057,53,0
14524,03-27-2020,Marion,Indiana,18097,484,8
14578,03-27-2020,Johnson,Iowa,19103,58,0
14615,03-27-2020,Johnson,Kansas,20091,66,1
14651,03-27-2020,Jefferson,Kentucky,21111,76,4
14681,03-27-2020,Ascension,Louisiana,22005,90,1
14687,03-27-2020,Caddo,Louisiana,22017,140,2
14692,03-27-2020,East Baton Rouge,Louisiana,22033,124,4
14699,03-27-2020,Jefferson,Louisiana,22051,548,24
14709,03-27-2020,Orleans,Louisiana,22071,1170,57
14722,03-27-2020,St. Tammany,Louisiana,22103,111,2
14735,03-27-2020,Cumberland,Maine,23005,92,1
14746,03-27-2020,Anne Arundel,Maryland,24003,63,1
14747,03-27-2020,Baltimore,Maryland,24005,103,1
14748,03-27-2020,Baltimore city,Maryland,24510,103,0
14757,03-27-2020,Howard,Maryland,24027,62,0
14759,03-27-2020,Montgomery,Maryland,24031,208,1
14760,03-27-2020,Prince George's,Maryland,24033,148,2
14768,03-27-2020,Barnstable,Massachusetts,25001,100,2
14769,03-27-2020,Berkshire,Massachusetts,25003,105,4
14770,03-27-2020,Bristol,Massachusetts,25005,129,1
14772,03-27-2020,Essex,Massachusetts,25009,350,2
14774,03-27-2020,Hampden,Massachusetts,25013,90,2
14776,03-27-2020,Middlesex,Massachusetts,25017,685,6
14778,03-27-2020,Norfolk,Massachusetts,25021,393,6
14779,03-27-2020,Plymouth,Massachusetts,25023,187,0
14780,03-27-2020,Suffolk,Massachusetts,25025,631,3
14781,03-27-2020,Unknown,Massachusetts,00000,304,4
14782,03-27-2020,Worcester,Massachusetts,25027,219,3
14797,03-27-2020,Genesee,Michigan,26049,91,4
14817,03-27-2020,Macomb,Michigan,26099,404,14
14827,03-27-2020,Oakland,Michigan,26125,824,26
14840,03-27-2020,Washtenaw,Michigan,26161,150,3
14841,03-27-2020,Wayne,Michigan,26163,1810,37
14857,03-27-2020,Hennepin,Minnesota,27053,141,1
14894,03-27-2020,DeSoto,Mississippi,28033,63,0
14980,03-27-2020,Kansas City,Missouri,00000,78,0
14999,03-27-2020,St. Louis,Missouri,29189,247,2
15000,03-27-2020,St. Louis city,Missouri,29510,72,1
15029,03-27-2020,Douglas,Nebraska,31055,60,1
15042,03-27-2020,Clark,Nevada,32003,443,10
15047,03-27-2020,Unknown,Nevada,00000,91,0
15048,03-27-2020,Washoe,Nevada,32031,75,0
15055,03-27-2020,Rockingham,New Hampshire,33015,75,0
15059,03-27-2020,Bergen,New Jersey,34003,1505,28
15060,03-27-2020,Burlington,New Jersey,34005,88,3
15061,03-27-2020,Camden,New Jersey,34007,95,1
15064,03-27-2020,Essex,New Jersey,34013,826,18
15066,03-27-2020,Hudson,New Jersey,34017,594,4
15068,03-27-2020,Mercer,New Jersey,34021,131,0
15069,03-27-2020,Middlesex,New Jersey,34023,640,9
15070,03-27-2020,Monmouth,New Jersey,34025,634,10
15071,03-27-2020,Morris,New Jersey,34027,391,9
15072,03-27-2020,Ocean,New Jersey,34029,484,8
15073,03-27-2020,Passaic,New Jersey,34031,484,5
15075,03-27-2020,Somerset,New Jersey,34035,222,7
15076,03-27-2020,Sussex,New Jersey,34037,65,0
15077,03-27-2020,Union,New Jersey,34039,519,3
15078,03-27-2020,Unknown,New Jersey,00000,1984,7
15080,03-27-2020,Bernalillo,New Mexico,35001,82,0
15097,03-27-2020,Albany,New York,36001,187,0
15108,03-27-2020,Dutchess,New York,36027,225,2
15109,03-27-2020,Erie,New York,36029,219,6
15120,03-27-2020,Monroe,New York,36055,160,4
15122,03-27-2020,Nassau,New York,36059,4657,27
15123,03-27-2020,New York City,New York,36061,25399,450
15126,03-27-2020,Onondaga,New York,36067,115,0
15128,03-27-2020,Orange,New York,36071,910,3
15132,03-27-2020,Putnam,New York,36079,111,0
15134,03-27-2020,Rockland,New York,36087,1457,8
15135,03-27-2020,Saratoga,New York,36091,82,0
15136,03-27-2020,Schenectady,New York,36093,66,0
15140,03-27-2020,Suffolk,New York,36103,3385,22
15141,03-27-2020,Sullivan,New York,36105,64,0
15144,03-27-2020,Ulster,New York,36111,98,0
15148,03-27-2020,Westchester,New York,36119,7187,10
15168,03-27-2020,Durham,North Carolina,37063,83,0
15185,03-27-2020,Mecklenburg,North Carolina,37119,218,0
15207,03-27-2020,Wake,North Carolina,37183,121,0
15236,03-27-2020,Cuyahoga,Ohio,39035,330,2
15243,03-27-2020,Franklin,Ohio,39049,152,2
15248,03-27-2020,Hamilton,Ohio,39061,63,0
15258,03-27-2020,Lorain,Ohio,39093,56,0
15261,03-27-2020,Mahoning,Ohio,39099,68,2
15275,03-27-2020,Summit,Ohio,39153,65,3
15308,03-27-2020,Oklahoma,Oklahoma,40109,94,2
15336,03-27-2020,Marion,Oregon,41047,83,3
15338,03-27-2020,Multnomah,Oregon,41051,67,2
15344,03-27-2020,Washington,Oregon,41067,122,3
15347,03-27-2020,Allegheny,Pennsylvania,42003,158,2
15350,03-27-2020,Berks,Pennsylvania,42011,65,0
15353,03-27-2020,Bucks,Pennsylvania,42017,124,0
15358,03-27-2020,Chester,Pennsylvania,42029,107,0
15364,03-27-2020,Delaware,Pennsylvania,42045,185,3
15375,03-27-2020,Lehigh,Pennsylvania,42077,93,2
15376,03-27-2020,Luzerne,Pennsylvania,42079,55,2
15379,03-27-2020,Monroe,Pennsylvania,42089,98,2
15380,03-27-2020,Montgomery,Pennsylvania,42091,374,4
15382,03-27-2020,Northampton,Pennsylvania,42095,79,3
15384,03-27-2020,Philadelphia,Pennsylvania,42101,530,2
15396,03-27-2020,Unknown,Puerto Rico,00000,79,3
15401,03-27-2020,Unknown,Rhode Island,00000,132,0
15409,03-27-2020,Charleston,South Carolina,45019,92,1
15425,03-27-2020,Kershaw,South Carolina,45055,70,2
15435,03-27-2020,Richland,South Carolina,45079,65,1
15474,03-27-2020,Davidson,Tennessee,47037,312,2
15509,03-27-2020,Shelby,Tennessee,47157,223,0
15512,03-27-2020,Sumner,Tennessee,47165,58,0
15515,03-27-2020,Unknown,Tennessee,00000,172,4
15518,03-27-2020,Williamson,Tennessee,47187,91,0
15525,03-27-2020,Bexar,Texas,48029,113,5
15538,03-27-2020,Collin,Texas,48085,88,1
15543,03-27-2020,Dallas,Texas,48113,367,7
15546,03-27-2020,Denton,Texas,48121,137,1
15554,03-27-2020,Fort Bend,Texas,48157,101,1
15563,03-27-2020,Harris,Texas,48201,229,2
15608,03-27-2020,Tarrant,Texas,48439,114,1
15612,03-27-2020,Travis,Texas,48453,160,1
15632,03-27-2020,Salt Lake,Utah,49035,212,0
15633,03-27-2020,Summit,Utah,49043,110,0
15644,03-27-2020,Chittenden,Vermont,50007,90,6
15660,03-27-2020,Arlington,Virginia,51013,63,0
15670,03-27-2020,Fairfax,Virginia,51059,124,1
15687,03-27-2020,James City,Virginia,51095,55,3
15729,03-27-2020,Clark,Washington,53011,76,6
15737,03-27-2020,Island,Washington,53029,79,1
15739,03-27-2020,King,Washington,53033,1830,127
15747,03-27-2020,Pierce,Washington,53053,231,5
15749,03-27-2020,Skagit,Washington,53057,91,1
15751,03-27-2020,Snohomish,Washington,53061,913,23
15752,03-27-2020,Spokane,Washington,53063,86,1
15756,03-27-2020,Whatcom,Washington,53073,92,4
15758,03-27-2020,Yakima,Washington,53077,72,2
15786,03-27-2020,Dane,Wisconsin,55025,158,1
15802,03-27-2020,Milwaukee,Wisconsin,55079,468,9
15817,03-27-2020,Waukesha,Wisconsin,55133,61,0
15861,03-28-2020,Jefferson,Alabama,01073,214,0
15865,03-28-2020,Lee,Alabama,01081,56,0
15868,03-28-2020,Madison,Alabama,01089,62,1
15880,03-28-2020,Shelby,Alabama,01117,72,0
15889,03-28-2020,Anchorage,Alaska,02020,54,1
15897,03-28-2020,Coconino,Arizona,04005,56,2
15901,03-28-2020,Maricopa,Arizona,04013,454,5
15903,03-28-2020,Navajo,Arizona,04017,57,0
15904,03-28-2020,Pima,Arizona,04019,120,5
15941,03-28-2020,Pulaski,Arkansas,05119,92,2
15949,03-28-2020,Unknown,Arkansas,00000,61,2
15954,03-28-2020,Alameda,California,06001,277,6
15959,03-28-2020,Contra Costa,California,06013,168,3
15968,03-28-2020,Los Angeles,California,06037,1804,33
15970,03-28-2020,Marin,California,06041,74,1
15977,03-28-2020,Orange,California,06059,321,3
15979,03-28-2020,Riverside,California,06065,185,8
15980,03-28-2020,Sacramento,California,06067,164,6
15982,03-28-2020,San Bernardino,California,06071,64,3
15983,03-28-2020,San Diego,California,06073,488,7
15984,03-28-2020,San Francisco,California,06075,308,4
15985,03-28-2020,San Joaquin,California,06077,108,4
15986,03-28-2020,San Luis Obispo,California,06079,67,0
15987,03-28-2020,San Mateo,California,06081,274,6
15988,03-28-2020,Santa Barbara,California,06083,64,0
15989,03-28-2020,Santa Clara,California,06085,591,26
15999,03-28-2020,Ventura,California,06111,98,3
16002,03-28-2020,Adams,Colorado,08001,95,0
16004,03-28-2020,Arapahoe,Colorado,08005,204,3
16006,03-28-2020,Boulder,Colorado,08013,84,1
16013,03-28-2020,Denver,Colorado,08031,367,5
16014,03-28-2020,Douglas,Colorado,08035,92,0
16015,03-28-2020,Eagle,Colorado,08037,182,2
16016,03-28-2020,El Paso,Colorado,08041,184,10
16021,03-28-2020,Gunnison,Colorado,08051,78,1
16024,03-28-2020,Jefferson,Colorado,08059,182,5
16027,03-28-2020,Larimer,Colorado,08069,79,3
16043,03-28-2020,Unknown,Colorado,00000,167,0
16045,03-28-2020,Weld,Colorado,08123,161,7
16047,03-28-2020,Fairfield,Connecticut,09001,908,20
16048,03-28-2020,Hartford,Connecticut,09003,228,2
16049,03-28-2020,Litchfield,Connecticut,09005,65,0
16051,03-28-2020,New Haven,Connecticut,09009,236,6
16056,03-28-2020,New Castle,Delaware,10003,130,2
16057,03-28-2020,Sussex,Delaware,10005,59,1
16058,03-28-2020,District of Columbia,District of Columbia,11001,342,4
16059,03-28-2020,Alachua,Florida,12001,68,0
16064,03-28-2020,Broward,Florida,12011,820,11
16068,03-28-2020,Collier,Florida,12021,95,0
16071,03-28-2020,Duval,Florida,12031,120,3
16078,03-28-2020,Hillsborough,Florida,12057,206,2
16082,03-28-2020,Lee,Florida,12071,119,6
16088,03-28-2020,Miami-Dade,Florida,12086,1121,3
16092,03-28-2020,Orange,Florida,12095,213,4
16093,03-28-2020,Osceola,Florida,12097,74,0
16094,03-28-2020,Palm Beach,Florida,12099,318,6
16096,03-28-2020,Pinellas,Florida,12103,111,4
16101,03-28-2020,Seminole,Florida,12117,68,0
16113,03-28-2020,Bartow,Georgia,13015,117,1
16122,03-28-2020,Carroll,Georgia,13045,64,0
16128,03-28-2020,Cherokee,Georgia,13057,54,1
16130,03-28-2020,Clayton,Georgia,13063,57,1
16132,03-28-2020,Cobb,Georgia,13067,185,9
16139,03-28-2020,DeKalb,Georgia,13089,246,3
16142,03-28-2020,Dougherty,Georgia,13095,224,17
16151,03-28-2020,Fulton,Georgia,13121,378,13
16155,03-28-2020,Gwinnett,Georgia,13135,131,1
16212,03-28-2020,Unknown,Georgia,00000,229,2
16222,03-28-2020,Unknown,Guam,00000,57,1
16224,03-28-2020,Honolulu,Hawaii,15003,108,0
16228,03-28-2020,Ada,Idaho,16001,88,1
16231,03-28-2020,Blaine,Idaho,16013,114,2
16254,03-28-2020,Cook,Illinois,17031,2613,28
16258,03-28-2020,DuPage,Illinois,17043,202,6
16266,03-28-2020,Kane,Illinois,17089,90,4
16270,03-28-2020,Lake,Illinois,17097,264,2
16285,03-28-2020,Unknown,Illinois,00000,58,0
16288,03-28-2020,Will,Illinois,17197,156,4
16314,03-28-2020,Hamilton,Indiana,18057,64,0
16328,03-28-2020,Lake,Indiana,18089,68,1
16331,03-28-2020,Marion,Indiana,18097,584,10
16391,03-28-2020,Johnson,Iowa,19103,61,0
16431,03-28-2020,Johnson,Kansas,20091,80,2
16449,03-28-2020,Wyandotte,Kansas,20209,53,3
16466,03-28-2020,Fayette,Kentucky,21067,60,1
16475,03-28-2020,Jefferson,Kentucky,21111,99,4
16500,03-28-2020,Unknown,Kentucky,00000,60,0
16508,03-28-2020,Ascension,Louisiana,22005,107,1
16514,03-28-2020,Caddo,Louisiana,22017,189,2
16519,03-28-2020,East Baton Rouge,Louisiana,22033,153,4
16528,03-28-2020,Jefferson,Louisiana,22051,744,26
16538,03-28-2020,Orleans,Louisiana,22071,1298,70
16547,03-28-2020,St. John the Baptist,Louisiana,22095,54,3
16551,03-28-2020,St. Tammany,Louisiana,22103,134,2
16564,03-28-2020,Cumberland,Maine,23005,120,1
16575,03-28-2020,Anne Arundel,Maryland,24003,88,1
16576,03-28-2020,Baltimore,Maryland,24005,141,1
16577,03-28-2020,Baltimore city,Maryland,24510,112,2
16580,03-28-2020,Carroll,Maryland,24013,83,0
16586,03-28-2020,Howard,Maryland,24027,73,0
16588,03-28-2020,Montgomery,Maryland,24031,255,1
16589,03-28-2020,Prince George's,Maryland,24033,196,3
16597,03-28-2020,Barnstable,Massachusetts,25001,133,2
16598,03-28-2020,Berkshire,Massachusetts,25003,119,4
16599,03-28-2020,Bristol,Massachusetts,25005,179,1
16601,03-28-2020,Essex,Massachusetts,25009,472,3
16603,03-28-2020,Hampden,Massachusetts,25013,183,5
16605,03-28-2020,Middlesex,Massachusetts,25017,842,6
16607,03-28-2020,Norfolk,Massachusetts,25021,490,8
16608,03-28-2020,Plymouth,Massachusetts,25023,272,0
16609,03-28-2020,Suffolk,Massachusetts,25025,843,4
16610,03-28-2020,Unknown,Massachusetts,00000,358,4
16611,03-28-2020,Worcester,Massachusetts,25027,291,5
16626,03-28-2020,Genesee,Michigan,26049,110,5
16640,03-28-2020,Kent,Michigan,26081,53,1
16645,03-28-2020,Macomb,Michigan,26099,534,17
16655,03-28-2020,Oakland,Michigan,26125,1018,31
16669,03-28-2020,Washtenaw,Michigan,26161,185,3
16670,03-28-2020,Wayne,Michigan,26163,2316,46
16687,03-28-2020,Hennepin,Minnesota,27053,152,2
16728,03-28-2020,DeSoto,Mississippi,28033,65,1
16735,03-28-2020,Hinds,Mississippi,28049,58,0
16814,03-28-2020,Kansas City,Missouri,00000,94,0
16834,03-28-2020,St. Louis,Missouri,29189,313,2
16835,03-28-2020,St. Louis city,Missouri,29510,93,1
16845,03-28-2020,Gallatin,Montana,30031,57,0
16865,03-28-2020,Douglas,Nebraska,31055,74,1
16880,03-28-2020,Clark,Nevada,32003,528,14
16886,03-28-2020,Unknown,Nevada,00000,101,0
16887,03-28-2020,Washoe,Nevada,32031,93,0
16892,03-28-2020,Hillsborough,New Hampshire,33011,53,2
16894,03-28-2020,Rockingham,New Hampshire,33015,86,0
16898,03-28-2020,Bergen,New Jersey,34003,1838,35
16899,03-28-2020,Burlington,New Jersey,34005,115,3
16900,03-28-2020,Camden,New Jersey,34007,123,1
16903,03-28-2020,Essex,New Jersey,34013,1086,20
16905,03-28-2020,Hudson,New Jersey,34017,771,6
16906,03-28-2020,Hunterdon,New Jersey,34019,61,0
16907,03-28-2020,Mercer,New Jersey,34021,168,0
16908,03-28-2020,Middlesex,New Jersey,34023,808,14
16909,03-28-2020,Monmouth,New Jersey,34025,781,10
16910,03-28-2020,Morris,New Jersey,34027,442,12
16911,03-28-2020,Ocean,New Jersey,34029,624,9
16912,03-28-2020,Passaic,New Jersey,34031,608,7
16914,03-28-2020,Somerset,New Jersey,34035,258,8
16915,03-28-2020,Sussex,New Jersey,34037,81,1
16916,03-28-2020,Union,New Jersey,34039,742,10
16917,03-28-2020,Unknown,New Jersey,00000,2478,7
16919,03-28-2020,Bernalillo,New Mexico,35001,93,1
16936,03-28-2020,Albany,New York,36001,195,1
16948,03-28-2020,Dutchess,New York,36027,262,2
16949,03-28-2020,Erie,New York,36029,354,6
16960,03-28-2020,Monroe,New York,36055,202,5
16962,03-28-2020,Nassau,New York,36059,5537,35
16963,03-28-2020,New York City,New York,36061,30766,672
16966,03-28-2020,Onondaga,New York,36067,129,0
16968,03-28-2020,Orange,New York,36071,1101,3
16972,03-28-2020,Putnam,New York,36079,131,0
16974,03-28-2020,Rockland,New York,36087,1896,8
16975,03-28-2020,Saratoga,New York,36091,96,0
16976,03-28-2020,Schenectady,New York,36093,72,0
16981,03-28-2020,Suffolk,New York,36103,4138,37
16982,03-28-2020,Sullivan,New York,36105,72,0
16985,03-28-2020,Ulster,New York,36111,128,0
16989,03-28-2020,Westchester,New York,36119,7875,10
17009,03-28-2020,Durham,North Carolina,37063,101,0
17027,03-28-2020,Mecklenburg,North Carolina,37119,299,0
17051,03-28-2020,Wake,North Carolina,37183,124,0
17089,03-28-2020,Cuyahoga,Ohio,39035,370,3
17096,03-28-2020,Franklin,Ohio,39049,222,2
17101,03-28-2020,Hamilton,Ohio,39061,71,0
17111,03-28-2020,Lorain,Ohio,39093,65,0
17112,03-28-2020,Lucas,Ohio,39095,67,2
17114,03-28-2020,Mahoning,Ohio,39099,80,2
17130,03-28-2020,Summit,Ohio,39153,79,4
17166,03-28-2020,Oklahoma,Oklahoma,40109,107,3
17177,03-28-2020,Tulsa,Oklahoma,40143,57,3
17194,03-28-2020,Marion,Oregon,41047,94,3
17196,03-28-2020,Multnomah,Oregon,41051,81,2
17202,03-28-2020,Washington,Oregon,41067,140,3
17205,03-28-2020,Allegheny,Pennsylvania,42003,219,2
17208,03-28-2020,Berks,Pennsylvania,42011,65,0
17211,03-28-2020,Bucks,Pennsylvania,42017,216,1
17217,03-28-2020,Chester,Pennsylvania,42029,116,0
17224,03-28-2020,Delaware,Pennsylvania,42045,226,4
17236,03-28-2020,Lehigh,Pennsylvania,42077,109,3
17237,03-28-2020,Luzerne,Pennsylvania,42079,65,2
17241,03-28-2020,Monroe,Pennsylvania,42089,106,2
17242,03-28-2020,Montgomery,Pennsylvania,42091,411,5
17244,03-28-2020,Northampton,Pennsylvania,42095,94,4
17247,03-28-2020,Philadelphia,Pennsylvania,42101,709,5
17260,03-28-2020,Unknown,Puerto Rico,00000,100,3
17265,03-28-2020,Unknown,Rhode Island,00000,168,2
17273,03-28-2020,Charleston,South Carolina,45019,108,1
17285,03-28-2020,Greenville,South Carolina,45045,57,1
17289,03-28-2020,Kershaw,South Carolina,45055,77,2
17300,03-28-2020,Richland,South Carolina,45079,81,2
17345,03-28-2020,Davidson,Tennessee,47037,376,2
17384,03-28-2020,Shelby,Tennessee,47157,275,0
17387,03-28-2020,Sumner,Tennessee,47165,82,0
17392,03-28-2020,Unknown,Tennessee,00000,161,4
17396,03-28-2020,Williamson,Tennessee,47187,95,0
17404,03-28-2020,Bexar,Texas,48029,125,5
17419,03-28-2020,Collin,Texas,48085,118,1
17424,03-28-2020,Dallas,Texas,48113,439,9
17427,03-28-2020,Denton,Texas,48121,148,2
17435,03-28-2020,Fort Bend,Texas,48157,101,1
17437,03-28-2020,Galveston,Texas,48167,60,0
17444,03-28-2020,Harris,Texas,48201,445,3
17491,03-28-2020,Tarrant,Texas,48439,114,1
17495,03-28-2020,Travis,Texas,48453,160,1
17513,03-28-2020,Davis,Utah,49011,59,1
17517,03-28-2020,Salt Lake,Utah,49035,276,0
17519,03-28-2020,Summit,Utah,49043,127,0
17530,03-28-2020,Chittenden,Vermont,50007,105,6
17546,03-28-2020,Arlington,Virginia,51013,75,0
17556,03-28-2020,Fairfax,Virginia,51059,156,1
17574,03-28-2020,James City,Virginia,51095,65,3
17578,03-28-2020,Loudoun,Virginia,51107,54,0
17600,03-28-2020,Prince William,Virginia,51153,56,0
17618,03-28-2020,Benton,Washington,53005,56,5
17621,03-28-2020,Clark,Washington,53011,82,6
17629,03-28-2020,Island,Washington,53029,92,1
17631,03-28-2020,King,Washington,53033,2079,138
17639,03-28-2020,Pierce,Washington,53053,282,5
17641,03-28-2020,Skagit,Washington,53057,97,3
17643,03-28-2020,Snohomish,Washington,53061,912,23
17644,03-28-2020,Spokane,Washington,53063,108,2
17648,03-28-2020,Whatcom,Washington,53073,102,4
17650,03-28-2020,Yakima,Washington,53077,100,2
17678,03-28-2020,Dane,Wisconsin,55025,158,1
17694,03-28-2020,Milwaukee,Wisconsin,55079,541,9
17710,03-28-2020,Waukesha,Wisconsin,55133,72,0
17756,03-29-2020,Jefferson,Alabama,01073,246,0
17760,03-29-2020,Lee,Alabama,01081,57,0
17764,03-29-2020,Madison,Alabama,01089,80,1
17776,03-29-2020,Shelby,Alabama,01117,79,0
17785,03-29-2020,Anchorage,Alaska,02020,59,2
17793,03-29-2020,Coconino,Arizona,04005,68,2
17797,03-29-2020,Maricopa,Arizona,04013,546,5
17799,03-29-2020,Navajo,Arizona,04017,62,0
17800,03-29-2020,Pima,Arizona,04019,153,6
17813,03-29-2020,Cleburne,Arkansas,05023,56,2
17842,03-29-2020,Pulaski,Arkansas,05119,94,2
17850,03-29-2020,Unknown,Arkansas,00000,61,3
17855,03-29-2020,Alameda,California,06001,291,6
17860,03-29-2020,Contra Costa,California,06013,175,3
17869,03-29-2020,Los Angeles,California,06037,2136,37
17871,03-29-2020,Marin,California,06041,93,1
17878,03-29-2020,Orange,California,06059,431,4
17879,03-29-2020,Placer,California,06061,53,2
17880,03-29-2020,Riverside,California,06065,195,8
17881,03-29-2020,Sacramento,California,06067,164,6
17883,03-29-2020,San Bernardino,California,06071,111,3
17884,03-29-2020,San Diego,California,06073,519,7
17885,03-29-2020,San Francisco,California,06075,343,5
17886,03-29-2020,San Joaquin,California,06077,121,5
17887,03-29-2020,San Luis Obispo,California,06079,71,0
17888,03-29-2020,San Mateo,California,06081,277,6
17889,03-29-2020,Santa Barbara,California,06083,68,0
17890,03-29-2020,Santa Clara,California,06085,646,26
17895,03-29-2020,Sonoma,California,06097,57,1
17901,03-29-2020,Ventura,California,06111,109,4
17904,03-29-2020,Adams,Colorado,08001,110,0
17906,03-29-2020,Arapahoe,Colorado,08005,241,3
17908,03-29-2020,Boulder,Colorado,08013,90,1
17915,03-29-2020,Denver,Colorado,08031,408,5
17916,03-29-2020,Douglas,Colorado,08035,102,0
17917,03-29-2020,Eagle,Colorado,08037,187,2
17918,03-29-2020,El Paso,Colorado,08041,214,11
17923,03-29-2020,Gunnison,Colorado,08051,79,1
17926,03-29-2020,Jefferson,Colorado,08059,213,5
17929,03-29-2020,Larimer,Colorado,08069,84,3
17947,03-29-2020,Unknown,Colorado,00000,186,0
17949,03-29-2020,Weld,Colorado,08123,180,9
17951,03-29-2020,Fairfield,Connecticut,09001,1245,21
17952,03-29-2020,Hartford,Connecticut,09003,276,2
17953,03-29-2020,Litchfield,Connecticut,09005,87,0
17955,03-29-2020,New Haven,Connecticut,09009,280,6
17960,03-29-2020,New Castle,Delaware,10003,141,3
17961,03-29-2020,Sussex,Delaware,10005,66,1
17962,03-29-2020,District of Columbia,District of Columbia,11001,342,4
17963,03-29-2020,Alachua,Florida,12001,72,0
17968,03-29-2020,Broward,Florida,12011,1012,11
17972,03-29-2020,Collier,Florida,12021,111,1
17975,03-29-2020,Duval,Florida,12031,142,3
17983,03-29-2020,Hillsborough,Florida,12057,225,2
17987,03-29-2020,Lee,Florida,12071,151,6
17993,03-29-2020,Miami-Dade,Florida,12086,1471,3
17997,03-29-2020,Orange,Florida,12095,267,4
17998,03-29-2020,Osceola,Florida,12097,89,0
17999,03-29-2020,Palm Beach,Florida,12099,382,7
18001,03-29-2020,Pinellas,Florida,12103,116,5
18005,03-29-2020,Sarasota,Florida,12115,61,2
18006,03-29-2020,Seminole,Florida,12117,81,0
18007,03-29-2020,St. Johns,Florida,12109,59,2
18012,03-29-2020,Volusia,Florida,12127,60,1
18020,03-29-2020,Bartow,Georgia,13015,119,1
18031,03-29-2020,Carroll,Georgia,13045,70,0
18037,03-29-2020,Cherokee,Georgia,13057,60,1
18039,03-29-2020,Clayton,Georgia,13063,59,1
18041,03-29-2020,Cobb,Georgia,13067,228,9
18048,03-29-2020,DeKalb,Georgia,13089,273,3
18051,03-29-2020,Dougherty,Georgia,13095,247,17
18060,03-29-2020,Fulton,Georgia,13121,425,12
18064,03-29-2020,Gwinnett,Georgia,13135,145,1
18071,03-29-2020,Henry,Georgia,13151,56,2
18121,03-29-2020,Unknown,Georgia,00000,228,2
18131,03-29-2020,Unknown,Guam,00000,58,1
18133,03-29-2020,Honolulu,Hawaii,15003,119,0
18137,03-29-2020,Ada,Idaho,16001,113,2
18140,03-29-2020,Blaine,Idaho,16013,115,2
18165,03-29-2020,Cook,Illinois,17031,3445,40
18169,03-29-2020,DuPage,Illinois,17043,274,7
18177,03-29-2020,Kane,Illinois,17089,100,7
18182,03-29-2020,Lake,Illinois,17097,300,3
18199,03-29-2020,Unknown,Illinois,00000,58,0
18202,03-29-2020,Will,Illinois,17197,192,4
18230,03-29-2020,Hamilton,Indiana,18057,83,0
18240,03-29-2020,Johnson,Indiana,18081,71,3
18245,03-29-2020,Lake,Indiana,18089,85,1
18248,03-29-2020,Marion,Indiana,18097,676,10
18309,03-29-2020,Johnson,Iowa,19103,65,0
18350,03-29-2020,Johnson,Kansas,20091,108,2
18371,03-29-2020,Wyandotte,Kansas,20209,55,4
18389,03-29-2020,Fayette,Kentucky,21067,75,1
18398,03-29-2020,Jefferson,Kentucky,21111,108,4
18425,03-29-2020,Unknown,Kentucky,00000,61,0
18433,03-29-2020,Ascension,Louisiana,22005,139,2
18438,03-29-2020,Bossier,Louisiana,22015,56,0
18439,03-29-2020,Caddo,Louisiana,22017,219,5
18445,03-29-2020,East Baton Rouge,Louisiana,22033,164,7
18454,03-29-2020,Jefferson,Louisiana,22051,761,28
18464,03-29-2020,Orleans,Louisiana,22071,1350,73
18474,03-29-2020,St. James,Louisiana,22093,55,3
18475,03-29-2020,St. John the Baptist,Louisiana,22095,57,5
18479,03-29-2020,St. Tammany,Louisiana,22103,138,3
18492,03-29-2020,Cumberland,Maine,23005,142,2
18504,03-29-2020,Anne Arundel,Maryland,24003,99,1
18505,03-29-2020,Baltimore,Maryland,24005,162,1
18506,03-29-2020,Baltimore city,Maryland,24510,129,2
18509,03-29-2020,Carroll,Maryland,24013,83,1
18515,03-29-2020,Howard,Maryland,24027,81,0
18517,03-29-2020,Montgomery,Maryland,24031,301,1
18518,03-29-2020,Prince George's,Maryland,24033,247,3
18526,03-29-2020,Barnstable,Massachusetts,25001,148,2
18527,03-29-2020,Berkshire,Massachusetts,25003,151,5
18528,03-29-2020,Bristol,Massachusetts,25005,208,1
18530,03-29-2020,Essex,Massachusetts,25009,570,4
18532,03-29-2020,Hampden,Massachusetts,25013,201,5
18534,03-29-2020,Middlesex,Massachusetts,25017,981,7
18536,03-29-2020,Norfolk,Massachusetts,25021,548,9
18537,03-29-2020,Plymouth,Massachusetts,25023,325,0
18538,03-29-2020,Suffolk,Massachusetts,25025,940,4
18539,03-29-2020,Unknown,Massachusetts,00000,462,4
18540,03-29-2020,Worcester,Massachusetts,25027,337,5
18555,03-29-2020,Genesee,Michigan,26049,127,5
18569,03-29-2020,Kent,Michigan,26081,72,1
18573,03-29-2020,Livingston,Michigan,26093,59,2
18574,03-29-2020,Macomb,Michigan,26099,620,20
18584,03-29-2020,Oakland,Michigan,26125,1170,34
18596,03-29-2020,Unknown,Michigan,00000,77,0
18598,03-29-2020,Washtenaw,Michigan,26161,231,5
18599,03-29-2020,Wayne,Michigan,26163,2704,56
18618,03-29-2020,Hennepin,Minnesota,27053,171,5
18662,03-29-2020,DeSoto,Mississippi,28033,71,1
18669,03-29-2020,Hinds,Mississippi,28049,66,0
18748,03-29-2020,Kansas City,Missouri,00000,102,0
18768,03-29-2020,St. Louis,Missouri,29189,336,2
18769,03-29-2020,St. Louis city,Missouri,29510,97,1
18780,03-29-2020,Gallatin,Montana,30031,62,0
18800,03-29-2020,Douglas,Nebraska,31055,79,1
18817,03-29-2020,Clark,Nevada,32003,528,14
18823,03-29-2020,Unknown,Nevada,00000,269,0
18824,03-29-2020,Washoe,Nevada,32031,107,1
18829,03-29-2020,Hillsborough,New Hampshire,33011,68,2
18831,03-29-2020,Rockingham,New Hampshire,33015,100,1
18835,03-29-2020,Bergen,New Jersey,34003,2169,35
18836,03-29-2020,Burlington,New Jersey,34005,142,3
18837,03-29-2020,Camden,New Jersey,34007,163,1
18840,03-29-2020,Essex,New Jersey,34013,1227,20
18841,03-29-2020,Gloucester,New Jersey,34015,72,1
18842,03-29-2020,Hudson,New Jersey,34017,974,6
18843,03-29-2020,Hunterdon,New Jersey,34019,66,0
18844,03-29-2020,Mercer,New Jersey,34021,202,0
18845,03-29-2020,Middlesex,New Jersey,34023,938,14
18846,03-29-2020,Monmouth,New Jersey,34025,870,10
18847,03-29-2020,Morris,New Jersey,34027,566,12
18848,03-29-2020,Ocean,New Jersey,34029,759,9
18849,03-29-2020,Passaic,New Jersey,34031,831,7
18851,03-29-2020,Somerset,New Jersey,34035,295,8
18852,03-29-2020,Sussex,New Jersey,34037,93,1
18853,03-29-2020,Union,New Jersey,34039,896,10
18854,03-29-2020,Unknown,New Jersey,00000,3020,21
18855,03-29-2020,Warren,New Jersey,34041,56,2
18856,03-29-2020,Bernalillo,New Mexico,35001,101,1
18873,03-29-2020,Albany,New York,36001,205,1
18885,03-29-2020,Dutchess,New York,36027,320,2
18886,03-29-2020,Erie,New York,36029,380,6
18898,03-29-2020,Monroe,New York,36055,219,6
18900,03-29-2020,Nassau,New York,36059,6445,39
18901,03-29-2020,New York City,New York,36061,33768,776
18904,03-29-2020,Onondaga,New York,36067,152,0
18906,03-29-2020,Orange,New York,36071,1247,3
18910,03-29-2020,Putnam,New York,36079,144,0
18912,03-29-2020,Rockland,New York,36087,2209,8
18913,03-29-2020,Saratoga,New York,36091,102,1
18914,03-29-2020,Schenectady,New York,36093,76,0
18919,03-29-2020,Suffolk,New York,36103,5023,40
18920,03-29-2020,Sullivan,New York,36105,88,0
18923,03-29-2020,Ulster,New York,36111,179,1
18927,03-29-2020,Westchester,New York,36119,8519,10
18952,03-29-2020,Durham,North Carolina,37063,105,0
18972,03-29-2020,Mecklenburg,North Carolina,37119,336,1
18997,03-29-2020,Wake,North Carolina,37183,146,0
19037,03-29-2020,Cuyahoga,Ohio,39035,449,4
19044,03-29-2020,Franklin,Ohio,39049,247,2
19049,03-29-2020,Hamilton,Ohio,39061,85,0
19059,03-29-2020,Lorain,Ohio,39093,74,1
19060,03-29-2020,Lucas,Ohio,39095,94,2
19062,03-29-2020,Mahoning,Ohio,39099,84,2
19078,03-29-2020,Summit,Ohio,39153,99,5
19115,03-29-2020,Oklahoma,Oklahoma,40109,120,4
19129,03-29-2020,Tulsa,Oklahoma,40143,61,3
19146,03-29-2020,Marion,Oregon,41047,109,3
19148,03-29-2020,Multnomah,Oregon,41051,91,2
19154,03-29-2020,Washington,Oregon,41067,154,3
19157,03-29-2020,Allegheny,Pennsylvania,42003,265,2
19160,03-29-2020,Berks,Pennsylvania,42011,68,0
19163,03-29-2020,Bucks,Pennsylvania,42017,249,3
19169,03-29-2020,Chester,Pennsylvania,42029,137,0
19176,03-29-2020,Delaware,Pennsylvania,42045,276,4
19184,03-29-2020,Lackawanna,Pennsylvania,42069,56,2
19185,03-29-2020,Lancaster,Pennsylvania,42071,67,2
19188,03-29-2020,Lehigh,Pennsylvania,42077,151,3
19189,03-29-2020,Luzerne,Pennsylvania,42079,94,2
19194,03-29-2020,Monroe,Pennsylvania,42089,135,3
19195,03-29-2020,Montgomery,Pennsylvania,42091,488,5
19197,03-29-2020,Northampton,Pennsylvania,42095,126,4
19200,03-29-2020,Philadelphia,Pennsylvania,42101,865,5
19214,03-29-2020,Unknown,Puerto Rico,00000,127,5
19218,03-29-2020,Providence,Rhode Island,44007,148,0
19219,03-29-2020,Unknown,Rhode Island,00000,106,3
19227,03-29-2020,Charleston,South Carolina,45019,116,1
19239,03-29-2020,Greenville,South Carolina,45045,71,1
19243,03-29-2020,Kershaw,South Carolina,45055,83,2
19254,03-29-2020,Richland,South Carolina,45079,98,2
19305,03-29-2020,Davidson,Tennessee,47037,394,2
19348,03-29-2020,Shelby,Tennessee,47157,362,1
19351,03-29-2020,Sumner,Tennessee,47165,93,0
19356,03-29-2020,Unknown,Tennessee,00000,190,4
19360,03-29-2020,Williamson,Tennessee,47187,101,0
19368,03-29-2020,Bexar,Texas,48029,140,5
19371,03-29-2020,Brazoria,Texas,48039,61,0
19383,03-29-2020,Collin,Texas,48085,128,1
19388,03-29-2020,Dallas,Texas,48113,443,9
19392,03-29-2020,Denton,Texas,48121,165,2
19401,03-29-2020,Fort Bend,Texas,48157,119,1
19404,03-29-2020,Galveston,Texas,48167,70,0
19411,03-29-2020,Harris,Texas,48201,526,4
19443,03-29-2020,Montgomery,Texas,48339,64,0
19463,03-29-2020,Tarrant,Texas,48439,139,1
19467,03-29-2020,Travis,Texas,48453,179,1
19486,03-29-2020,Davis,Utah,49011,69,1
19490,03-29-2020,Salt Lake,Utah,49035,324,0
19492,03-29-2020,Summit,Utah,49043,159,0
19503,03-29-2020,Chittenden,Vermont,50007,117,6
19520,03-29-2020,Arlington,Virginia,51013,84,2
19530,03-29-2020,Fairfax,Virginia,51059,187,1
19549,03-29-2020,James City,Virginia,51095,70,3
19553,03-29-2020,Loudoun,Virginia,51107,61,0
19576,03-29-2020,Prince William,Virginia,51153,72,0
19597,03-29-2020,Benton,Washington,53005,101,5
19600,03-29-2020,Clark,Washington,53011,90,6
19606,03-29-2020,Grant,Washington,53025,58,1
19608,03-29-2020,Island,Washington,53029,95,1
19610,03-29-2020,King,Washington,53033,2163,146
19611,03-29-2020,Kitsap,Washington,53035,56,1
19618,03-29-2020,Pierce,Washington,53053,317,6
19620,03-29-2020,Skagit,Washington,53057,101,3
19622,03-29-2020,Snohomish,Washington,53061,1067,23
19623,03-29-2020,Spokane,Washington,53063,140,4
19627,03-29-2020,Whatcom,Washington,53073,116,7
19629,03-29-2020,Yakima,Washington,53077,147,3
19661,03-29-2020,Dane,Wisconsin,55025,179,1
19677,03-29-2020,Milwaukee,Wisconsin,55079,565,9
19693,03-29-2020,Waukesha,Wisconsin,55133,83,0
19742,03-30-2020,Jefferson,Alabama,01073,257,0
19746,03-30-2020,Lee,Alabama,01081,74,2
19750,03-30-2020,Madison,Alabama,01089,96,1
19762,03-30-2020,Shelby,Alabama,01117,88,0
19772,03-30-2020,Anchorage,Alaska,02020,61,2
19780,03-30-2020,Coconino,Arizona,04005,73,3
19785,03-30-2020,Maricopa,Arizona,04013,690,5
19787,03-30-2020,Navajo,Arizona,04017,88,0
19788,03-30-2020,Pima,Arizona,04019,187,6
19789,03-30-2020,Pinal,Arizona,04021,64,0
19801,03-30-2020,Cleburne,Arkansas,05023,58,2
19831,03-30-2020,Pulaski,Arkansas,05119,99,3
19840,03-30-2020,Unknown,Arkansas,00000,61,4
19845,03-30-2020,Alameda,California,06001,304,7
19851,03-30-2020,Contra Costa,California,06013,187,3
19853,03-30-2020,Fresno,California,06019,53,0
19858,03-30-2020,Kern,California,06029,76,1
19860,03-30-2020,Los Angeles,California,06037,2474,44
19862,03-30-2020,Marin,California,06041,99,1
19869,03-30-2020,Orange,California,06059,464,4
19870,03-30-2020,Placer,California,06061,57,2
19871,03-30-2020,Riverside,California,06065,291,9
19872,03-30-2020,Sacramento,California,06067,224,7
19874,03-30-2020,San Bernardino,California,06071,111,3
19875,03-30-2020,San Diego,California,06073,603,7
19876,03-30-2020,San Francisco,California,06075,374,6
19877,03-30-2020,San Joaquin,California,06077,136,6
19878,03-30-2020,San Luis Obispo,California,06079,77,0
19879,03-30-2020,San Mateo,California,06081,309,6
19880,03-30-2020,Santa Barbara,California,06083,88,0
19881,03-30-2020,Santa Clara,California,06085,848,29
19886,03-30-2020,Sonoma,California,06097,73,1
19892,03-30-2020,Ventura,California,06111,126,4
19895,03-30-2020,Adams,Colorado,08001,153,0
19897,03-30-2020,Arapahoe,Colorado,08005,308,0
19900,03-30-2020,Boulder,Colorado,08013,100,1
19907,03-30-2020,Denver,Colorado,08031,465,6
19908,03-30-2020,Douglas,Colorado,08035,121,0
19909,03-30-2020,Eagle,Colorado,08037,213,4
19910,03-30-2020,El Paso,Colorado,08041,245,11
19915,03-30-2020,Gunnison,Colorado,08051,80,1
19918,03-30-2020,Jefferson,Colorado,08059,253,5
19921,03-30-2020,Larimer,Colorado,08069,92,4
19940,03-30-2020,Unknown,Colorado,00000,160,0
19942,03-30-2020,Weld,Colorado,08123,215,10
19944,03-30-2020,Fairfield,Connecticut,09001,1445,21
19945,03-30-2020,Hartford,Connecticut,09003,330,3
19946,03-30-2020,Litchfield,Connecticut,09005,113,1
19948,03-30-2020,New Haven,Connecticut,09009,373,6
19951,03-30-2020,Unknown,Connecticut,00000,176,0
19954,03-30-2020,New Castle,Delaware,10003,156,3
19955,03-30-2020,Sussex,Delaware,10005,81,2
19956,03-30-2020,District of Columbia,District of Columbia,11001,495,9
19957,03-30-2020,Alachua,Florida,12001,80,0
19962,03-30-2020,Broward,Florida,12011,1137,12
19966,03-30-2020,Collier,Florida,12021,127,1
19969,03-30-2020,Duval,Florida,12031,163,4
19970,03-30-2020,Escambia,Florida,12033,81,0
19977,03-30-2020,Hillsborough,Florida,12057,272,2
19982,03-30-2020,Lee,Florida,12071,170,6
19988,03-30-2020,Miami-Dade,Florida,12086,1700,4
19992,03-30-2020,Orange,Florida,12095,299,4
19993,03-30-2020,Osceola,Florida,12097,94,1
19994,03-30-2020,Palm Beach,Florida,12099,462,10
19996,03-30-2020,Pinellas,Florida,12103,129,5
19997,03-30-2020,Polk,Florida,12105,63,0
20000,03-30-2020,Sarasota,Florida,12115,67,2
20001,03-30-2020,Seminole,Florida,12117,88,0
20002,03-30-2020,St. Johns,Florida,12109,61,2
20007,03-30-2020,Volusia,Florida,12127,69,1
20017,03-30-2020,Bartow,Georgia,13015,125,1
20030,03-30-2020,Carroll,Georgia,13045,97,1
20036,03-30-2020,Cherokee,Georgia,13057,69,1
20039,03-30-2020,Clayton,Georgia,13063,62,2
20041,03-30-2020,Cobb,Georgia,13067,250,11
20050,03-30-2020,DeKalb,Georgia,13089,294,3
20054,03-30-2020,Dougherty,Georgia,13095,278,18
20063,03-30-2020,Fulton,Georgia,13121,503,16
20068,03-30-2020,Gwinnett,Georgia,13135,178,2
20074,03-30-2020,Henry,Georgia,13151,68,2
20130,03-30-2020,Unknown,Georgia,00000,114,2
20141,03-30-2020,Unknown,Guam,00000,60,1
20143,03-30-2020,Honolulu,Hawaii,15003,139,0
20147,03-30-2020,Ada,Idaho,16001,151,3
20150,03-30-2020,Blaine,Idaho,16013,148,2
20180,03-30-2020,Cook,Illinois,17031,3727,44
20185,03-30-2020,DuPage,Illinois,17043,320,8
20193,03-30-2020,Kane,Illinois,17089,113,7
20198,03-30-2020,Lake,Illinois,17097,343,5
20218,03-30-2020,Unknown,Illinois,00000,58,0
20221,03-30-2020,Will,Illinois,17197,224,6
20249,03-30-2020,Hamilton,Indiana,18057,106,0
20252,03-30-2020,Hendricks,Indiana,18063,58,1
20259,03-30-2020,Johnson,Indiana,18081,81,3
20264,03-30-2020,Lake,Indiana,18089,97,1
20267,03-30-2020,Marion,Indiana,18097,804,12
20332,03-30-2020,Johnson,Iowa,19103,70,0
20336,03-30-2020,Linn,Iowa,19113,71,2
20343,03-30-2020,Polk,Iowa,19153,61,0
20376,03-30-2020,Johnson,Kansas,20091,116,2
20398,03-30-2020,Wyandotte,Kansas,20209,67,4
20416,03-30-2020,Fayette,Kentucky,21067,83,1
20425,03-30-2020,Jefferson,Kentucky,21111,125,4
20454,03-30-2020,Unknown,Kentucky,00000,59,0
20462,03-30-2020,Ascension,Louisiana,22005,153,5
20467,03-30-2020,Bossier,Louisiana,22015,57,0
20468,03-30-2020,Caddo,Louisiana,22017,222,5
20474,03-30-2020,East Baton Rouge,Louisiana,22033,188,9
20483,03-30-2020,Jefferson,Louisiana,22051,838,37
20486,03-30-2020,Lafayette,Louisiana,22055,82,1
20493,03-30-2020,Orleans,Louisiana,22071,1480,86
20501,03-30-2020,St. Bernard,Louisiana,22087,53,2
20503,03-30-2020,St. James,Louisiana,22093,65,3
20504,03-30-2020,St. John the Baptist,Louisiana,22095,75,8
20508,03-30-2020,St. Tammany,Louisiana,22103,186,4
20521,03-30-2020,Cumberland,Maine,23005,154,3
20532,03-30-2020,York,Maine,23031,53,0
20533,03-30-2020,Anne Arundel,Maryland,24003,110,1
20534,03-30-2020,Baltimore,Maryland,24005,186,1
20535,03-30-2020,Baltimore city,Maryland,24510,152,2
20538,03-30-2020,Carroll,Maryland,24013,83,1
20544,03-30-2020,Howard,Maryland,24027,96,1
20546,03-30-2020,Montgomery,Maryland,24031,341,1
20547,03-30-2020,Prince George's,Maryland,24033,294,6
20555,03-30-2020,Barnstable,Massachusetts,25001,173,2
20556,03-30-2020,Berkshire,Massachusetts,25003,162,5
20557,03-30-2020,Bristol,Massachusetts,25005,263,2
20559,03-30-2020,Essex,Massachusetts,25009,653,6
20561,03-30-2020,Hampden,Massachusetts,25013,255,10
20563,03-30-2020,Middlesex,Massachusetts,25017,1141,9
20565,03-30-2020,Norfolk,Massachusetts,25021,628,10
20566,03-30-2020,Plymouth,Massachusetts,25023,380,0
20567,03-30-2020,Suffolk,Massachusetts,25025,1115,6
20568,03-30-2020,Unknown,Massachusetts,00000,491,4
20569,03-30-2020,Worcester,Massachusetts,25027,390,5
20586,03-30-2020,Genesee,Michigan,26049,150,7
20594,03-30-2020,Ingham,Michigan,26065,73,0
20601,03-30-2020,Kent,Michigan,26081,96,1
20605,03-30-2020,Livingston,Michigan,26093,64,2
20606,03-30-2020,Macomb,Michigan,26099,728,27
20616,03-30-2020,Oakland,Michigan,26125,1391,59
20629,03-30-2020,Unknown,Michigan,00000,78,0
20631,03-30-2020,Washtenaw,Michigan,26161,266,6
20632,03-30-2020,Wayne,Michigan,26163,3195,83
20651,03-30-2020,Hennepin,Minnesota,27053,190,6
20699,03-30-2020,DeSoto,Mississippi,28033,77,1
20706,03-30-2020,Hinds,Mississippi,28049,74,0
20764,03-30-2020,Boone,Missouri,29019,59,1
20783,03-30-2020,Jackson,Missouri,29095,56,1
20787,03-30-2020,Kansas City,Missouri,00000,100,0
20812,03-30-2020,St. Charles,Missouri,29183,56,2
20814,03-30-2020,St. Louis,Missouri,29189,366,2
20815,03-30-2020,St. Louis city,Missouri,29510,102,1
20828,03-30-2020,Gallatin,Montana,30031,69,0
20849,03-30-2020,Douglas,Nebraska,31055,104,1
20866,03-30-2020,Clark,Nevada,32003,753,15
20872,03-30-2020,Unknown,Nevada,00000,150,0
20873,03-30-2020,Washoe,Nevada,32031,121,3
20878,03-30-2020,Hillsborough,New Hampshire,33011,91,2
20880,03-30-2020,Rockingham,New Hampshire,33015,116,1
20884,03-30-2020,Bergen,New Jersey,34003,2482,41
20885,03-30-2020,Burlington,New Jersey,34005,178,5
20886,03-30-2020,Camden,New Jersey,34007,200,1
20889,03-30-2020,Essex,New Jersey,34013,1564,36
20890,03-30-2020,Gloucester,New Jersey,34015,89,1
20891,03-30-2020,Hudson,New Jersey,34017,1314,11
20892,03-30-2020,Hunterdon,New Jersey,34019,79,0
20893,03-30-2020,Mercer,New Jersey,34021,249,0
20894,03-30-2020,Middlesex,New Jersey,34023,1123,20
20895,03-30-2020,Monmouth,New Jersey,34025,1030,15
20896,03-30-2020,Morris,New Jersey,34027,720,13
20897,03-30-2020,Ocean,New Jersey,34029,874,12
20898,03-30-2020,Passaic,New Jersey,34031,1091,9
20900,03-30-2020,Somerset,New Jersey,34035,349,14
20901,03-30-2020,Sussex,New Jersey,34037,113,3
20902,03-30-2020,Union,New Jersey,34039,1213,15
20903,03-30-2020,Unknown,New Jersey,00000,3840,7
20904,03-30-2020,Warren,New Jersey,34041,68,2
20905,03-30-2020,Bernalillo,New Mexico,35001,117,3
20923,03-30-2020,Albany,New York,36001,217,1
20935,03-30-2020,Dutchess,New York,36027,392,3
20936,03-30-2020,Erie,New York,36029,443,8
20948,03-30-2020,Monroe,New York,36055,242,6
20950,03-30-2020,Nassau,New York,36059,7344,48
20951,03-30-2020,New York City,New York,36061,38087,914
20954,03-30-2020,Onondaga,New York,36067,180,0
20956,03-30-2020,Orange,New York,36071,1435,3
20960,03-30-2020,Putnam,New York,36079,167,0
20962,03-30-2020,Rockland,New York,36087,2511,8
20963,03-30-2020,Saratoga,New York,36091,105,1
20964,03-30-2020,Schenectady,New York,36093,80,0
20969,03-30-2020,Suffolk,New York,36103,5791,44
20970,03-30-2020,Sullivan,New York,36105,101,0
20972,03-30-2020,Tompkins,New York,36109,66,0
20973,03-30-2020,Ulster,New York,36111,207,1
20977,03-30-2020,Westchester,New York,36119,9326,19
21002,03-30-2020,Durham,North Carolina,37063,106,0
21022,03-30-2020,Mecklenburg,North Carolina,37119,382,1
21048,03-30-2020,Wake,North Carolina,37183,166,0
21091,03-30-2020,Cuyahoga,Ohio,39035,493,4
21098,03-30-2020,Franklin,Ohio,39049,281,2
21103,03-30-2020,Hamilton,Ohio,39061,101,0
21114,03-30-2020,Lorain,Ohio,39093,78,2
21115,03-30-2020,Lucas,Ohio,39095,114,3
21117,03-30-2020,Mahoning,Ohio,39099,117,4
21135,03-30-2020,Summit,Ohio,39153,118,5
21153,03-30-2020,Cleveland,Oklahoma,40027,60,6
21175,03-30-2020,Oklahoma,Oklahoma,40109,134,4
21189,03-30-2020,Tulsa,Oklahoma,40143,65,3
21206,03-30-2020,Marion,Oregon,41047,123,3
21208,03-30-2020,Multnomah,Oregon,41051,100,2
21214,03-30-2020,Washington,Oregon,41067,168,3
21217,03-30-2020,Allegheny,Pennsylvania,42003,290,2
21220,03-30-2020,Berks,Pennsylvania,42011,82,0
21223,03-30-2020,Bucks,Pennsylvania,42017,249,3
21229,03-30-2020,Chester,Pennsylvania,42029,146,0
21236,03-30-2020,Delaware,Pennsylvania,42045,303,4
21244,03-30-2020,Lackawanna,Pennsylvania,42069,62,2
21245,03-30-2020,Lancaster,Pennsylvania,42071,97,2
21248,03-30-2020,Lehigh,Pennsylvania,42077,231,3
21249,03-30-2020,Luzerne,Pennsylvania,42079,150,3
21254,03-30-2020,Monroe,Pennsylvania,42089,182,7
21255,03-30-2020,Montgomery,Pennsylvania,42091,540,5
21257,03-30-2020,Northampton,Pennsylvania,42095,184,5
21260,03-30-2020,Philadelphia,Pennsylvania,42101,1072,7
21273,03-30-2020,Westmoreland,Pennsylvania,42129,55,0
21274,03-30-2020,York,Pennsylvania,42133,54,0
21275,03-30-2020,Unknown,Puerto Rico,00000,174,6
21279,03-30-2020,Providence,Rhode Island,44007,214,0
21280,03-30-2020,Unknown,Rhode Island,00000,106,4
21286,03-30-2020,Beaufort,South Carolina,45013,74,1
21289,03-30-2020,Charleston,South Carolina,45019,123,1
21301,03-30-2020,Greenville,South Carolina,45045,88,1
21305,03-30-2020,Kershaw,South Carolina,45055,99,2
21316,03-30-2020,Richland,South Carolina,45079,135,2
21370,03-30-2020,Davidson,Tennessee,47037,443,3
21413,03-30-2020,Rutherford,Tennessee,47149,57,0
21416,03-30-2020,Shelby,Tennessee,47157,396,1
21419,03-30-2020,Sumner,Tennessee,47165,164,0
21424,03-30-2020,Unknown,Tennessee,00000,109,9
21430,03-30-2020,Williamson,Tennessee,47187,111,0
21439,03-30-2020,Bexar,Texas,48029,157,5
21442,03-30-2020,Brazoria,Texas,48039,61,0
21454,03-30-2020,Collin,Texas,48085,134,1
21459,03-30-2020,Dallas,Texas,48113,549,11
21463,03-30-2020,Denton,Texas,48121,191,3
21472,03-30-2020,Fort Bend,Texas,48157,119,1
21475,03-30-2020,Galveston,Texas,48167,92,0
21483,03-30-2020,Harris,Texas,48201,563,7
21518,03-30-2020,Montgomery,Texas,48339,66,0
21539,03-30-2020,Tarrant,Texas,48439,139,1
21543,03-30-2020,Travis,Texas,48453,206,2
21563,03-30-2020,Davis,Utah,49011,77,1
21567,03-30-2020,Salt Lake,Utah,49035,363,0
21569,03-30-2020,Summit,Utah,49043,176,0
21573,03-30-2020,Utah,Utah,49049,58,0
21580,03-30-2020,Chittenden,Vermont,50007,133,6
21597,03-30-2020,Arlington,Virginia,51013,86,2
21607,03-30-2020,Fairfax,Virginia,51059,225,2
21627,03-30-2020,James City,Virginia,51095,73,3
21632,03-30-2020,Loudoun,Virginia,51107,61,0
21656,03-30-2020,Prince William,Virginia,51153,79,0
21678,03-30-2020,Benton,Washington,53005,101,5
21681,03-30-2020,Clark,Washington,53011,110,6
21687,03-30-2020,Grant,Washington,53025,58,0
21689,03-30-2020,Island,Washington,53029,95,1
21691,03-30-2020,King,Washington,53033,2332,152
21692,03-30-2020,Kitsap,Washington,53035,63,1
21699,03-30-2020,Pierce,Washington,53053,352,6
21701,03-30-2020,Skagit,Washington,53057,101,3
21703,03-30-2020,Snohomish,Washington,53061,1126,30
21704,03-30-2020,Spokane,Washington,53063,140,4
21708,03-30-2020,Whatcom,Washington,53073,116,7
21710,03-30-2020,Yakima,Washington,53077,147,3
21744,03-30-2020,Dane,Wisconsin,55025,183,2
21763,03-30-2020,Milwaukee,Wisconsin,55079,663,10
21779,03-30-2020,Waukesha,Wisconsin,55133,93,0
